,timestamp,collection_id,name,stars,price,section_name
0,1639680936,J7cDsZvhxxmUJhbZTZqkax,Taj Mahal,4.9,119.99,architecture
1,1639680936,8uVC7kw65qJY2N2NzzuioS,Singapore,,59.99,architecture
2,1639680936,h5Pw4LwAJSSaFeqYjC7XJo,Empire State Building,4.6,129.99,architecture
3,1639680936,eiKzMzftHEztPd8EujnqXv,Statue of Liberty,4.6,119.99,architecture
4,1639680936,XUw8WkZ5Uahm9Hj3SJkcTm,The White House,4.8,99.99,architecture
5,1639680936,3LmqYRSUKYj5gDa997mXB4,Trafalgar Square,4.2,79.99,architecture
6,1639680936,dJgjxLbo5DuGBfvJhsNkqd,Dubai,4.4,59.99,architecture
7,1639680936,AgCbv2H2kJa7u7wEBuoPR4,New York City,4.2,59.99,architecture
8,1639680936,7FGWDfScrcSo58gzFdZK3g,Tokyo,4.5,59.99,architecture
9,1639680936,j8CRWPtA7CaMm5X2NtpS75,Paris,4.5,49.99,architecture
10,1639680936,AwdSDNT59Y82x5hVRP2Cok,London,4.6,39.99,architecture
11,1639680936,fzKLduKycsCkRDNwXsdUih,San Francisco,4.6,49.99,architecture
12,1639680982,GKW2iYtJPJrVEwzre9XvbQ,Batcave™: The Riddler™ Face-off,5,79.99,lego-batman-sets
13,1639680982,XTuueQqRWxida6nDq3zQuT,Batman™ Cowl,3.9,59.99,lego-batman-sets
14,1639680982,NTfmT6SHSVy7RnTz424AZC,Classic TV Series Batman™ Cowl,2.3,59.99,lego-batman-sets
15,1639680982,9QjFc3xJPU4u9CevetsjeJ,LEGO® DC Super Heroes Visual Dictionary,,21.99,lego-batman-sets
16,1639680982,fFTAnF7p9ZtHUU5kxk9fZk,Batman™ Key Chain,,5.99,lego-batman-sets
17,1639680982,CNFcTMd4DWtXSSyK2LQyYq,LEGO® DC Batman™ Batmobile™ Tumbler,4.1,229.99,lego-batman-sets
18,1639680982,Be7duVxDLVbz29pvhJ2Ljq,THE BATMAN - BATMOBILE™,3.3,99.99,lego-batman-sets
19,1639680982,cf6zkktiCsEqxdgiqr7p2e,Batmobile™: The Penguin™ Chase,,29.99,lego-batman-sets
20,1639680982,fwV5GJhjRS2ym6HxS9ArtT,The Joker™,4.8,16.99,lego-batman-sets
21,1639680982,KvdaxG9baqdz8RWYd7XqJH,Batman™ & Selina Kyle™ Motorcycle Pursuit,,14.99,lego-batman-sets
22,1639680982,2gmucrcmm5qPveGRRgwEFJ,1989 Batwing,4.2,199.99,lego-batman-sets
23,1639680982,5tUsX39pRYDKpdRZ3VvcXo,LEGO® DC Batman™ Batmobile™ Tumbler: Scarecrow™ Showdown,4.9,39.99,lego-batman-sets
24,1639680982,gyLX8ya3z3XHDtwCufMw4t,Batman™ Classic TV Series Batmobile™,4.6,29.99,lego-batman-sets
25,1639680982,2BGAjGyGRfpbo6ay8bywrT,Batman™ vs. The Joker™: Batmobile™ Chase,5,29.99,lego-batman-sets
26,1639680982,Rny3P85jru7FE2s2WDUVXL,Batman™,4.2,16.99,lego-batman-sets
27,1639680982,9Aau2Jgn4U5nJFHLAwpkbB,Batman™ vs. The Penguin™ & Harley Quinn™,4.8,14.99,lego-batman-sets
28,1639680982,TMVaRWhy2jJKs9uy2VBF3j,1989 Batmobile™,4.7,249.99,lego-batman-sets
29,1639680982,mYLVsAWo6EgKVzQcUW492h,Mobile Bat Base,4.7,89.99,lego-batman-sets
30,1639680982,CqhJzFz6fB3VxXyxC982GC,Joker's Trike Chase,4.8,49.99,lego-batman-sets
31,1639680982,6R5QCosRhutbt2KDn7NZYB,Batcave™,3.7,29.99,lego-batman-sets
32,1639680982,JvkFW9eyqLdo7VD3Hqgyxq,Batboat The Penguin Pursuit!,5,9.99,lego-batman-sets
33,1639680983,dzNGFWt53DUACTnzx76G7t,BOOST Creative Toolbox,3.5,159.99,boost
34,1639681039,fBWsaG3dZGrPdmMbWHDPde,"Harry, Hermione, Ron & Hagrid™",5,24.99,brickheadz
35,1639681039,L864YjgwXLUGCcRTmZMJeX,"Scrooge McDuck, Huey, Dewey & Louie",4.8,24.99,brickheadz
36,1639681039,hRecFpnir26LDPnnPrZ7Dm,"Voldemort™, Nagini & Bellatrix",5,24.99,brickheadz
37,1639681039,Vm6Kp8XTyB85wUoSUBonaP,"Belle Bottom, Kevin and Bob",5,19.99,brickheadz
38,1639681039,NhqXheKAfDy5JYUzkx7nxr,Chinese New Year Pandas,5,19.99,brickheadz
39,1639681039,JVZGqWNxPmh7eba98xMV8H,"Gru, Stuart and Otto",4,19.99,brickheadz
40,1639681039,2S5JFNn23zbdsGSTuPwEMa,Budgie,4.5,14.99,brickheadz
41,1639681039,P25m3p9By6jZys3vcEHukt,Dalmatian,5,14.99,brickheadz
42,1639681039,oQxQUKpMtH8r7jr85KLRMu,German Shepherd,4.3,14.99,brickheadz
43,1639681039,fFWgMEFU3NiLMMw5rujC2S,Goldfish,5,14.99,brickheadz
44,1639681039,UEAbA6DPVLcfU43qcR4ytA,Shorthair Cats,4.9,14.99,brickheadz
45,1639681039,ejyAJJrYkeefq86dvudG2c,Wedding Bride,4.2,12.99,brickheadz
46,1639681039,ZThfZdoqVc7rY8tim4LSmA,Wedding Groom,5,12.99,brickheadz
47,1639681039,mnHa9pvEf9aU8z4vVL2Nem,Birthday Clown,4.6,9.99,brickheadz
48,1639681039,XCvmSKfr5aKcLmT8Jm4Wkg,Daisy Duck,4.5,9.99,brickheadz
49,1639681039,hQvb3mJpZ5Ud2dpgadEqfu,Donald Duck,4.4,9.99,brickheadz
50,1639681039,YXsfpYb3jpJ7tPFwf9DAPx,Frankenstein,4.8,9.99,brickheadz
51,1639681039,WRkt2zm9i4jLoTTAF6tNbL,Lady Liberty,4.8,9.99,brickheadz
52,1639681039,aGkfTe58toTtTXBTj3jA8n,Monkey King,4.7,9.99,brickheadz
53,1639681039,DaMExT6NkjfF3cZSR9bQBb,The Mandalorian™ & the Child,4.8,19.99,brickheadz
54,1639681039,bJEZQ4muCtZvE7CL25bFmj,Cockatiel,5,14.99,brickheadz
55,1639681039,Rp8gr5AHAUb66kdRjz8VBc,Ginger Tabby,5,14.99,brickheadz
56,1639681039,hki6kd5wzWfEeBnqyQAyNr,Hamster,5,14.99,brickheadz
57,1639681039,MSE9jgzqwoSnY8mDpNfKtt,La Catrina,4.8,9.99,brickheadz
58,1639681039,hTvqPCRhwNjdtLYivUatFq,Pets - French Bulldog,,14.99,brickheadz
59,1639681039,eha8Qx2x9LeELJYMM7Ljwk,St. Bernard,,14.99,brickheadz
60,1639681039,eqd7nMcRaMHC6ap2Bn6kH2,Ahsoka Tano™,,9.99,brickheadz
61,1639681039,ERXXMuv6uwRjYFjkVSEirz,Lion Dance Guy,,9.99,brickheadz
62,1639681039,dakjJaCA4KsErWZQS9cTyb,Goofy & Pluto,4.3,14.99,brickheadz
63,1639681039,TiPoFaDxxdfoP4kddrHpeT,Lucky Cat,4.8,9.99,brickheadz
64,1639681039,8KbieUd32K6YJNcv9wu2GP,Easter Sheep,5,9.99,brickheadz
65,1639681040,hCexmsUj469JPCnQa3sRab,NINJAGO® 10,5,29.99,brickheadz
66,1639681040,jDEjMBz6QCqPpDQz2KSdy7,Nutcracker,4.4,9.99,brickheadz
67,1639681041,mJ7d6nuYvz4n8TmFvDKsJT,Mickey Mouse,5,16.99,brick-sketches
68,1639681041,6A8w3GPxH7aHRf3S72UNdL,Minnie Mouse,5,16.99,brick-sketches
69,1639681041,BNGyuE4DJDDurqeGZ2CBK9,The Jokerâ¢,4.8,16.99,brick-sketches
70,1639681041,R8CVSo8xcF5mt45muMbGkA,Batmanâ¢,4.2,16.99,brick-sketches
71,1639681041,SfGQAEFmHZWdsxJng77ZLP,First Order Stormtrooperâ¢,5,16.99,brick-sketches
72,1639681117,2rPFWG37LonPTxF6Bp7oL4,Main Square,3.5,199.99,city
73,1639681117,TDFGEJwyxgFfFLuUwVS4vu,Air Race,2.1,39.99,city
74,1639681117,mckFxZiidArcyxFZfMMtiJ,Police MF Accessory Set,3.7,12.99,city
75,1639681117,ewHxhfSNzP8iXLvAoat2hv,Rocket Launch Center,,149.99,city
76,1639681117,U4skozKuBVdvkmprVuwhYi,Hospital,,119.99,city
77,1639681117,Qrn6VhGqCkuAfZuqikfbzu,Lunar Research Base,,119.99,city
78,1639681117,caiWHYkLR7mSVSZAcEpN8v,Fire Brigade,,99.99,city
79,1639681117,dju4eEUF8zFWgdzokqw559,Police Chase at the Bank,,99.99,city
80,1639681117,YRrD5YCkrjFv3MRemXDe8C,Fire Station,,69.99,city
81,1639681117,DxDwTxcWD2dp9mX96EszzM,Police Station,,69.99,city
82,1639681117,hdiJCDYMRrFu8uP2g5iXwV,School Day,,69.99,city
83,1639681117,KCCyunpGxsDrbppjKoZZn5,Police Mobile Command Truck,,49.99,city
84,1639681117,dLjYWqiYC9y6KFTs38u3bs,Beach Lifeguard Station,,39.99,city
85,1639681117,cL8JCEqJFbnVzYmdTtrKMe,Fire Rescue & Police Chase,,39.99,city
86,1639681117,G7tdsbqAHyYva77nxGXc2b,Ice Cream Truck Police Chase,,39.99,city
87,1639681117,A6V3wuLu73sd7rnyqk4eeu,Mobile Crane,,39.99,city
88,1639681117,WpULmyHTSnGsEqzYD7BMio,Horse Transporter,,29.99,city
89,1639681117,bUAmXFwTkN3HeFYA3JXBDg,Rescue Helicopter Transport,,29.99,city
90,1639681117,QcNZjAwBqfFS3X7uv75Ezp,Cement Mixer Truck,,19.99,city
91,1639681117,KYRvRo4GrK2wcwZRR9J5oA,Picnic in the park,,19.99,city
92,1639681117,HsLyWxZNV7VQobPfvYEzDR,Fire Helicopter,,9.99,city
93,1639681117,Ca9eEF8hL9ZaKA32hbtRuX,Police Car,,9.99,city
94,1639681117,Ma3mPjtHDxRPjcwVntqn76,Race Car,,9.99,city
95,1639681117,NAyYTEkhyjKgP5dkQF9mNx,Stunt Plane,,9.99,city
96,1639681117,TCBJP67CBTYdcdgJUshq2m,LEGO® City Busy Word Book,5,14.99,city
97,1639681117,NAuVoc6gwMLW4w52BrD3Ub,Passenger Train,4.1,159.99,city
98,1639681117,8F7HPN4Vra6xBrK5u8THYz,Chicken Stunt Bike,,7.99,city
99,1639681117,jrgbndeoPFcsFYGL9taCMF,Fire Stunt Bike,,7.99,city
100,1639681117,EUspunWXb8mDBsmErZzjDU,Selfie Stunt Bike,,7.99,city
101,1639681117,aawRkbmQcQjR3QR79GMrZL,Cargo Train,4.3,229.99,city
102,1639681117,FLvCoG5UcrwSPpAkgcFhm7,Ocean Exploration Ship,4.8,149.99,city
103,1639681117,9kVn9x8AGeX9obqxnfcnBc,Passenger Airplane,4.4,99.99,city
104,1639681117,9fiwbhAMxuPRzL2qihmLTG,Stunt Show Arena,4.9,99.99,city
105,1639681117,jnoC8V72rEYGUtxjn7YDe7,Town Center,4.2,99.99,city
106,1639681117,PKzJg5qfHmx6ryCAUJ7u3H,Wildlife Rescue Camp,4.9,99.99,city
107,1639681117,A7TDX9MYWapGH4E2RgtMy9,Wildlife Rescue Operation,4.8,89.99,city
108,1639681117,8pWtMtUtUwQLCGfFbtCjMP,Ocean Exploration Base,4.8,79.99,city
109,1639681117,d6xANSA8s8YaKVMSStRmi7,Stunt Show Truck,4.9,69.99,city
110,1639681117,5gpWYNZUgpM8LTgGCAC7js,Family House,4.6,59.99,city
111,1639681117,KYr4pWDskuFJ8eJu4MsJkQ,Fire Command Unit,4.9,59.99,city
112,1639681117,Axx3gmxt8BDc2NRdQM8duw,Police Patrol Boat,4.9,59.99,city
113,1639681117,iHc5CnuwhHmHjyUNhJCYeY,Seaside Police and Fire Mission,,49.99,city
114,1639681117,f2HjVAAgLfYtH84cKZzNn8,Wildlife Rescue Off-Roader,4.8,49.99,city
115,1639681117,iYvMX37AyGY9rwsG2RZozR,Fire Rescue Helicopter,4.9,39.99,city
116,1639681117,UkxaXFNGeUGArdxWE2ZQHo,Police Helicopter Chase,3.6,39.99,city
117,1639681117,8cJhTKZbkoeQAaPzAWqcdr,Skate Park,4.6,39.99,city
118,1639681117,RmBBU5R5JAeAVFq99bbR6t,Stunt Park,4.8,39.99,city
119,1639681117,b2fRMtM9yUbWaxrzVBMq5z,Car Transporter,4.7,29.99,city
120,1639681117,9vGqxGNku49Wt6v2LAcAJm,Fire Ladder Truck,4.7,29.99,city
121,1639681117,cGU8Y8JLtEKBGVReGeCtqw,Police Prisoner Transport,4.8,29.99,city
122,1639681117,ZBstxZqr8sHMUUj8SPTaHZ,Stunt Competition,4.8,29.99,city
123,1639681117,3qzyjiGe8QUjLW2BuqtV7L,Holiday Camper Van,4.8,19.99,city
124,1639681117,gVZSSV3YSDMeJUuTEME7LU,Ice-Cream Truck,4.9,19.99,city
125,1639681117,dAeNxdmXCEuEAix9TUAmHp,Road Plates,3,19.99,city
126,1639681117,HMMt8P4eeA6rrkiWHMGtTz,Tracks,3.6,19.99,city
127,1639681117,AHoswnMu4LLRavHARyPWmc,Tractor,4.9,19.99,city
128,1639681117,YHFSXXeya4tbAQByjbypta,Police Helicopter,5,9.99,city
129,1639681117,gnqsRYKfwST7LFmYgG5S6d,Roadwork Truck,,9.99,city
130,1639681117,5EnXTfFxcSUDcM5dfH8V6w,Wildlife Rescue ATV,5,9.99,city
131,1639681117,eB4u6nRD3S4zd3vwhLDCoD,Demolition Stunt Bike,4.7,7.99,city
132,1639681117,ML8XS3iNsUAVsAxZBN3k89,Rocket Stunt Bike,5,7.99,city
133,1639681117,6TgD5xF5kyUXqhuXGC7yqk,Wheelie Stunt Bike,,7.99,city
134,1639681117,kKjZu3rwoXP3jW9DrFZMTX,Switch Tracks,4.8,15.99,city
135,1639681117,eNopkrgvdZDZ4wbUts3D75,Rocket Assembly & Transport,4.6,149.99,city
136,1639681117,brtn2uMQGchjP8VnhWRCFG,Deep Space Rocket and Launch Control,4.4,99.99,city
137,1639681117,BoX8yc7zoG5q7auCRKBBsQ,Downtown Fire Brigade,4.8,99.99,city
138,1639681117,Asg4J6VzyrNt9iVvpLZrZV,Police Station,3.9,99.99,city
139,1639681117,4xmtY2UEpxeCgkr2PEudf9,Tuning Workshop,4.8,99.99,city
140,1639681117,cPu7G7gFQJj2FqpqfKpTWE,Shopping Street,4.6,79.99,city
141,1639681117,3jSCfAo94b6mDiGVvsjkbR,Fire Station,4,69.99,city
142,1639681117,cx2HZ4Q6JFZbMDoTeaS5Xj,Central Airport,4.9,59.99,city
143,1639681117,UoCyjhc6vU5Njvv2vVa87h,Police Monster Truck Heist,3.5,59.99,city
144,1639681117,ntzAd2j8fAZdbvErttcHqu,Mobile Command Center,4.1,49.99,city
145,1639681117,cdNFv2FsyJQ7JUyH9t55j6,Police Helicopter Transport,2.4,49.99,city
146,1639681117,6dBkuJBkhwJjUzSaFAJwsP,Burger Bar Fire Rescue,4.4,39.99,city
147,1639681117,RkU8BFsCTeuHSHkX7GQJDp,Mars Research Shuttle,4.8,39.99,city
148,1639681117,bXkKMN4yizCahdMtTJVvbN,Ocean Exploration Submarine,4.5,39.99,city
149,1639681117,JXAJjMhbfdL7uK5aMZe9ys,Airshow Jet Transporter,5,29.99,city
150,1639681117,HZooxyn6FcJpTzo9UDu3YB,Police Boat Transport,4,29.99,city
151,1639681117,Rd4xcTRCtNiPfeuxeZrsm6,Police Driller Chase,5,29.99,city
152,1639681117,bYiC7f6ZCRMeMpU8T7myFx,Police Lighthouse Capture,3.5,29.99,city
153,1639681117,2mXXDQLuanfWUJ4yUBpJMe,Fire Helicopter Response,1.8,29.99,city
154,1639681117,ZWA5XCsExXJjnAQRV6hpXQ,LEGO® City Advent Calendar,4.8,29.99,city
155,1639681117,CzbTAWBV9rwtAqzS4h8XrZ,Police Highway Arrest,4.3,29.99,city
156,1639681117,EwoKYDQkMCG9yXpaJ9vf2C,Race Boat Transporter,5,29.99,city
157,1639681117,k8arJdyiRQdgfMsNs6HzST,Racing Cars,3.7,29.99,city
158,1639681118,TujpuPZKHvm6W9QhdKQkew,Construction Bulldozer,4.5,19.99,city
159,1639681118,aDDX9p5N5UufSEDFKiQ3gL,Diving Yacht,4.6,19.99,city
160,1639681118,H3ogMvaqNCAPSbKbZuLCQU,Garbage Truck,4.4,19.99,city
161,1639681163,bBgq4hdsDZyqUtzKqW9dyr,Bricks and Animals,5,59.99,classic
162,1639681163,kN9xZrigGMEM6KimYb7FVu,Gray Baseplate,4.1,14.99,classic
163,1639681163,SmZQsYYsrFVV4nTTRGnhrb,Blue Baseplate,4.1,7.99,classic
164,1639681163,8UiSVD74JBL3qh5yXQz5Zv,Bricks Bricks Plates,5,69.99,classic
165,1639681163,dbJtYHoTpwMPmMTipFLM6v,LEGO® Large Creative Brick Box,4.5,59.99,classic
166,1639681163,LXVPY8q384Gq4YgP83kGwy,Around the World,4.9,49.99,classic
167,1639681163,UYvv76Rg9LxRjkT2UJ8yjr,Creative Building Bricks,5,49.99,classic
168,1639681163,YRpYAuosb7YHhF3MB8DzrY,Bricks and Wheels,4,39.99,classic
169,1639681163,PETfHPthTbipLrqkCiyput,LEGO® Medium Creative Brick Box,4.7,34.99,classic
170,1639681163,JzPbyxLwnPJ2aRrqaGxoBU,Creative Transparent Bricks,3.4,29.99,classic
171,1639681163,QaHPxTEVcmSk8HnEmzBD2W,Bricks and Houses,5,19.99,classic
172,1639681163,kDcifHyHttcRawZrE7kHK6,Creative Suitcase,4.6,19.99,classic
173,1639681163,nLRsECXfjs2CrGKNwWbgNS,LEGO® Creative Bricks,4,16.99,classic
174,1639681163,kviCymHPhBwhVSifsKeVZJ,Green Baseplate,2.6,7.99,classic
175,1639681163,TW7M4BibmB6LBppQB94N7C,White Baseplate,4.4,7.99,classic
176,1639681163,gQAGbUuXjpuhLJvNEeKFe8,Creative Blue Bricks,5,4.99,classic
177,1639681163,W9N7mdpE3hFwNpHM9MpSFb,Creative White Bricks,3.5,4.99,classic
178,1639681163,NefA9mJtnMUFEyq7ruAQYP,Brick Separator,4.8,2.49,classic
179,1639681163,769igkdqsBDBGBqaAwuTKA,Bricks Bricks Bricks,3.9,59.99,classic
180,1639681163,LyzBJRNvAnyrtK3Q5unGPt,Creative Fun,4,39.99,classic
181,1639681163,SheptGvZfYaW2SqPu5SPB4,Bricks and Lights,5,29.99,classic
182,1639681163,cUwRBMgC9tr3YGgqUQKe9e,Basic Brick Set,5,19.99,classic
183,1639681163,CAFJ3RzQL6jVhGDsgCRaA3,Bricks and Ideas,5,9.99,classic
184,1639681235,eyAVt6Nat938shX7gnxENj,Majestic Tiger,,49.99,creator-3-in-1
185,1639681235,5rWUtF9wmTGaoD2CgZaaG9,Medieval Castle,4.8,99.99,creator-3-in-1
186,1639681235,hadGV72rbbshbSsPrpSToE,Pirate Ship,4.7,99.99,creator-3-in-1
187,1639681235,Vvf4wMDXHPomWW3BR2ob9F,Ferris Wheel,4.9,79.99,creator-3-in-1
188,1639681235,JEHLoL37GsApAF9ps2H963,Caravan Family Holiday,4.4,69.99,creator-3-in-1
189,1639681235,LZZQK2hJ3mxapSxZMDoX2x,Surfer Beach House,5,49.99,creator-3-in-1
190,1639681235,LYpc4FyrhQVBCHWSZpwMQP,Space Shuttle Adventure,4.9,39.99,creator-3-in-1
191,1639681235,ARk7yEjdM3eV89ZU3ie8SL,Crocodile,4.6,29.99,creator-3-in-1
192,1639681235,CESkGkdZ8K4jnFg7njntZi,Fish Tank,4.7,29.99,creator-3-in-1
193,1639681235,WpN4zvc6BeuvMcT3VifGKv,Safari Wildlife Tree House,5,29.99,creator-3-in-1
194,1639681235,YDYFBQVVnQTQ3TkFNfTJsb,Space Mining Mech,5,24.99,creator-3-in-1
195,1639681235,adazgjdwR7zPxDufUKfKha,Race Car Transporter,4.9,19.99,creator-3-in-1
196,1639681235,eWLwq7FxqkHaRL6UjhRqsV,Superbike,5,19.99,creator-3-in-1
197,1639681235,DdKSgUtQPZrgUUNPJseYYo,Deep Sea Creatures,5,14.99,creator-3-in-1
198,1639681235,NTgksacCTJsLdT3UfUypZE,Mighty Dinosaurs,4.6,14.99,creator-3-in-1
199,1639681235,DKmsxQHpSkpRE3P6uQqvdq,Wild Lion,5,14.99,creator-3-in-1
200,1639681235,JEongTsmqk24dNk8NPecFk,Cyber Drone,5,9.99,creator-3-in-1
201,1639681235,5QtgEmtLZALKAKBrp2WcG8,Sports Car,4.8,9.99,creator-3-in-1
202,1639681235,bivHEttdYqGtTNCHVRhFnH,Townhouse Pet Shop & Café,5,79.99,creator-3-in-1
203,1639681235,ZY3tUqCfY7SXERxstg5L6B,Monster Burger Truck,5,49.99,creator-3-in-1
204,1639681235,4Ye5uF4nW7z2NVicYdqcw7,Riverside Houseboat,4.4,39.99,creator-3-in-1
205,1639681235,dL4qdkdxPsRZQJENsdy7n2,Space Rover Explorer,5,39.99,creator-3-in-1
206,1639681235,3XWod6wdWDpUVhbZ47RbWb,Townhouse Toy Store,4.8,39.99,creator-3-in-1
207,1639681235,aX38qUutDVuUBN4hi7bMPt,Fire Dragon,4.9,19.99,creator-3-in-1
208,1639681235,QZKJr8HhCLArSEM22rH5HA,Sunset Track Racer,4.8,,creator-3-in-1
209,1639681235,bBvHfjrQ9xeTfhQTNsZVtC,Underwater Robot,4.9,19.99,creator-3-in-1
210,1639681235,BLG8Eo83weEgCzwYYX7gNS,Monster Truck,5,14.99,creator-3-in-1
211,1639681235,kZuiXqmGXCSeP5jCoyj5h3,Propeller Plane,4.2,9.99,creator-3-in-1
212,1639681284,PJqrMQUnUV2RRALkgE46tN,Camp Nou – FC Barcelona,3.8,349.99,creator-expert
213,1639681284,Rr6MPCcCHYEZXXjJgGYYuu,Volkswagen T2 Camper Van,3,179.99,creator-expert
214,1639681284,276sMJc8yRwQBB6FvzGg3o,The Friends Apartments,4.4,149.99,creator-expert
215,1639681284,4Pskwdtd2HWQ9xDNBh8djQ,NASA Space Shuttle Discovery,4.5,199.99,creator-expert
216,1639681284,kCwg7CfLWTnw5b4QAUkixS,Police Station,4.3,199.99,creator-expert
217,1639681284,FUK9QnP9zbHyzMXzmwovz6,adidas Originals Superstar,4.7,,creator-expert
218,1639681284,2yUuRweccWvXip9A34g3UA,Queer Eye – The Fab 5 Loft,3.3,,creator-expert
219,1639681284,i6yuM2km49bT67oocUvdac,LEGO® London Bus,4.7,9.99,creator-expert
220,1639681284,WuFJoqNkHXJFC9jWLinB9h,Boutique Hotel,,199.99,creator-expert
221,1639681284,8vnRHWHfUR9LQi68TWPKbW,High-Speed Train,,19.99,creator-expert
222,1639681284,VxibXYtw7vB2q56TCJFFUX,LEGO® Titanic,4.7,629.99,creator-expert
223,1639681284,AYZ7gxrzKMTsEnNBpzCpb9,Colosseum,4.3,549.99,creator-expert
224,1639681284,SZ9rtmBEDdM2WoTxZsxTDF,Santa’s Visit,4.9,99.99,creator-expert
225,1639681284,aCptyyCAJW596xkEp9VxwE,Old Trafford - Manchester United,4.5,299.99,creator-expert
226,1639681284,jkyFTFNxjDwzpXC3YtfcXd,Assembly Square,4.8,279.99,creator-expert
227,1639681284,28DzRJaewKR4kkRMDrHZSh,Haunted House,4.3,249.99,creator-expert
228,1639681284,EopJj2qqQz5DZXt7v4q8CR,Ghostbusters™ ECTO-1,4.6,199.99,creator-expert
229,1639681284,8Ye3JZ7XLtCPppuWnxsEQw,Bookshop,4.1,179.99,creator-expert
230,1639681284,QDEkDGjKVgwRWZHe4VNt6n,Ford Mustang,4.8,149.99,creator-expert
231,1639681284,TEvXoNtPpy56Jx2YGjeooT,Porsche 911,4.6,149.99,creator-expert
232,1639681284,AfvxJ3JCojTvmsoTnUL3fS,Bird of Paradise,4.4,99.99,creator-expert
233,1639681284,5gqFRV6Pu396Uxg6FgTbRM,Fiat 500,4.2,89.99,creator-expert
234,1639681284,RFM2oMoa8iJthQbDVLeGEe,James Bond™ Aston Martin DB5,4.6,149.99,creator-expert
235,1639681284,QFUfGN6tYWb6RDisCNYQXq,Pickup Truck,3.9,129.99,creator-expert
236,1639681284,2Wj7eAm4BbLfGcTURMPFMc,Elf Club House,4.2,99.99,creator-expert
237,1639681284,cjwVUSsstnrv7yRK2iimG7,NASA Apollo 11 Lunar Lander,4.8,99.99,creator-expert
238,1639681284,BgSWcvm7JYFcATgqzzEzbD,Bonsai Tree,4.8,49.99,creator-expert
239,1639681284,DGYkmkJ87RCBF9m6K242sc,Flower Bouquet,4.6,49.99,creator-expert
240,1639681284,kHBMVeoZZDrP8ebATEVCFB,Roller Coaster,4.6,379.99,creator-expert
241,1639681284,PnAnNm9SdU939dPRrjXXWw,Corner Garage,4.3,199.99,creator-expert
242,1639681284,VDyM73t9v8rV66hnNwQo9a,London Bus,4.7,139.99,creator-expert
243,1639681284,kNQDXzj6tZuJBZYBrGRpkG,Harley-Davidson® Fat Boy®,4.7,99.99,creator-expert
244,1639681284,GofeKotf8f3EEwMJnLvur7,Crocodile Locomotive,4.7,99.99,creator-expert
245,1639681284,WrZs8HbG2kRufcE9kvH7pK,Gingerbread House,4.6,99.99,creator-expert
246,1639681329,2J7BT4rud44ntf4wH93JdZ,Batcave™: The Riddler™ Face-off,5,79.99,dc
247,1639681329,Ga6zAGBrHzHsJ7QHb97sTq,Batman™ Cowl,3.9,59.99,dc
248,1639681329,8uNnoTfzeNk7gEkrSMsnLt,Classic TV Series Batman™ Cowl,2.3,59.99,dc
249,1639681329,3LgGy3dVTwkafgf72EqSMx,Wonder Woman™ vs Cheetah,4,39.99,dc
250,1639681329,Jg2KyvrN75rALiR2tXAKFa,LEGO® DC Super Heroes Visual Dictionary,,21.99,dc
251,1639681329,mkpRZaNmDEEhUBws9vqShr,Batwoman™ Key Chain,5,5.99,dc
252,1639681329,i8XKfBFMURMeDTJ9NaudYB,Superman™ Key Chain,,5.99,dc
253,1639681329,UecZKaMxUNF2Z6NpPcov7G,LEGO® DC Batman™ Batmobile™ Tumbler,4.1,229.99,dc
254,1639681329,W3hi2noxAAdtUQ5bejkNGC,THE BATMAN - BATMOBILE™,3.3,99.99,dc
255,1639681329,GUCAsJ8V4HCsqba53ok572,Batmobile™: The Penguin™ Chase,,29.99,dc
256,1639681329,gX5j4WYvUeAL7QVw35NEem,The Joker™,4.8,16.99,dc
257,1639681329,XZqenGeBsJPXJFEf4jarFF,Batman™ & Selina Kyle™ Motorcycle Pursuit,,14.99,dc
258,1639681329,nVgDcijvwC6zsHLrHHqUDN,1989 Batwing,4.2,199.99,dc
259,1639681329,gNtABkvKH3wCLFpdZtcoEH,LEGO® DC Batman™ Batmobile™ Tumbler: Scarecrow™ Showdown,4.9,39.99,dc
260,1639681329,DLL8rvofohWtJoWqWVuk73,Batman™ Classic TV Series Batmobile™,4.6,29.99,dc
261,1639681329,WvDyoYbopkJPYgZ5BpkXpu,Batman™ vs. The Joker™: Batmobile™ Chase,5,29.99,dc
262,1639681329,GxYdhYVsUwhdfUXA28fiao,Batman™,4.2,16.99,dc
263,1639681329,PA6668sac4Cxuz7UpPCZYu,Batman™ vs. The Penguin™ & Harley Quinn™,4.8,14.99,dc
264,1639681329,RJAhAoEyV5z3ywZUe5WTE8,1989 Batmobile™,4.7,249.99,dc
265,1639681329,bwHynQc8rs8gmTQ9EUUMZx,Mobile Bat Base,4.7,89.99,dc
266,1639681329,E6E6un6YZGLgCmpSWRzXjn,Joker's Trike Chase,4.8,49.99,dc
267,1639681329,Peij3ABssRpV9aEDsNRtwF,Batcave™,3.7,29.99,dc
268,1639681329,F5guxCXinp9AjanHu9e3Zu,Batboat The Penguin Pursuit!,5,9.99,dc
269,1639681329,jpgJLC8LgBYYEvNwon9NAX,Batman™ Key Chain,,5.99,dc
270,1639681329,Tt4yLs8gjfRmP2ZPEMbkCs,LEGO® DC Comics™ Super Heroes Wonder Woman Key Chain,4.3,5.99,dc
271,1639681385,9AH7SgogfumR3JQJjwH68L,"Scrooge McDuck, Huey, Dewey & Louie",4.8,24.99,disney
272,1639681385,hmKyfVLER8Ai3LXMMNou83,Antonio's Magical Door,,19.99,disney
273,1639681385,GyXAfrKrKsf23MXPYmJkbC,Mickey Mouse,5,16.99,disney
274,1639681385,cjdSr96WZj6Zg3jDF6vai5,Minnie Mouse,5,16.99,disney
275,1639681385,KSdjZg6kBDJmwzBnSX9wNX,Daisy Duck,4.5,9.99,disney
276,1639681385,D3XyxLRJgQVqGv6MSHZUhY,Donald Duck,4.4,9.99,disney
277,1639681385,g8HNAR54M2bijjb8Gw9am2,The Ice Castle,4.9,199.99,disney
278,1639681385,FxGwaj6VawV2mwVBJqici9,"Aurora, Merida and Tiana’s Enchanted Creations",,69.99,disney
279,1639681385,btATngjLR8sGNx687tMifY,Jasmine and Mulan’s Adventure,,39.99,disney
280,1639681385,CUaPo2woPg3YnPLy4yfs5u,Belle's Ballroom,,19.99,disney
281,1639681385,mxZXKL54zyecMhTBzNXSDv,Anna’s Castle Courtyard,,9.99,disney
282,1639681385,mWx7Ymb7fDp9X7b9XfKz3z,Elsa’s Castle Courtyard,,9.99,disney
283,1639681385,MgQzx9RZk7ResoHgUuggXN,Meet Moana,,7.99,disney
284,1639681385,CtGJKXTMyNKZUgaHekjE7t,Daisy Duck Key Chain,,5.99,disney
285,1639681385,2FQxDNojfvVVawAsJM4JVL,Donald Duck Key Chain,5,5.99,disney
286,1639681385,GR4GwNPtAn5tCJckTWTGGa,LEGO® ǀ Disney Frozen 2 Anna Key Chain,,5.99,disney
287,1639681385,m5QF7TGYjvZQvqNUWvz2KD,LEGO® ǀ Disney Frozen 2 Elsa Key Chain,,5.99,disney
288,1639681385,kogqL5nW9mwNmFJAzY82bj,LEGO® ǀ Disney Frozen 2 Olaf Key Chain,,5.99,disney
289,1639681385,LBmZByPNpWhwQAKCsefj3d,The Disney Castle,4.7,349.99,disney
290,1639681385,PLPNGWGixXqvwjYjosVDRy,The Madrigal House,5,49.99,disney
291,1639681385,TeyqHufU6xZ65vMNYbwfJR,Isabela's Magical Door,,19.99,disney
292,1639681385,6arviZdGHETcZ38QsjqB45,Goofy & Pluto,4.3,14.99,disney
293,1639681385,YG8ZzxbN62bdVoF3RsYMdh,Mickey Mouse & Minnie Mouse Buildable Characters,3.9,179.99,disney
294,1639681385,QyAAJdxn4NSQSVckab6kff,Winnie the Pooh,4.8,99.99,disney
295,1639681385,ZzaPCUhJ8YmDCVzpNUhDYy,Mini Disney Castle,4.4,34.99,disney
296,1639681385,b2PzYejqokjmyLLMt3qYvk,Disney's Mickey Mouse,4.4,119.99,disney
297,1639681385,BXNNzndpcYvj9YQ26mS4Fs,Belle and the Beast's Castle,4.9,79.99,disney
298,1639681385,jvw7jSZyjud3Vmu4XaJvGA,Rapunzel's Tower,4.3,59.99,disney
299,1639681385,cqttDjGTqxXs4NnKimL287,Belle and Rapunzel's Royal Stables,5,49.99,disney
300,1639681385,7ge7kpLWKJ7D64w4KgeD6s,Frozen Ice Castle,4.5,49.99,disney
301,1639681385,6panCK92gn6vZTC4K7gL2Q,Minnie's House and Café,5,49.99,disney
302,1639681385,DgzZBiRMbwAMHNqLyQUkjw,Anna and Elsa's Frozen Wonderland,4.9,39.99,disney
303,1639681385,BsXKtqdvhvGjBgo9t8rF3P,Cinderella’s Royal Carriage,5,39.99,disney
304,1639681385,5GDXyLdWHRD94m7RzNzcAP,Elsa's Jewelry Box Creation,4.8,39.99,disney
305,1639681385,eshQZfzs7eH28zAmKRE6eP,Mickey & Friends Fire Truck & Station,4.9,39.99,disney
306,1639681385,QA8mkPjWc9sYPZaiitv65D,Elsa's Wagon Adventure,3.3,29.99,disney
307,1639681385,mRXBaEFJjmAHPNHt2gV73d,Mickey & Minnie Birthday Train,,29.99,disney
308,1639681385,iDsYFzQyY7scmVp549aMzz,Mickey Mouse & Donald Duck's Farm,4.9,29.99,disney
309,1639681385,UwKeiWZoqVdukEZjpRp28p,Raya and Sisu Dragon,3.5,29.99,disney
310,1639681385,CGw3jCGifS4ePUtshYckXf,"Ariel, Belle, Cinderella and Tiana's Storybook Adventures",,24.99,disney
311,1639681385,8vx236cjbHYWeNyb6fEypX,Anna and Elsa’s Storybook Adventures,3.9,19.99,disney
312,1639681385,dkPxXPJgAZ8Qp3wtvSsuNZ,Elsa and the Nokk Storybook Adventures,4.5,19.99,disney
313,1639681385,cfAa3HPy5n85nubMGUCw7o,Mickey Mouse & Minnie Mouse's Space Rocket,4.6,19.99,disney
314,1639681385,UiPwmNAy3N9m93vqR8AGiK,Minnie Mouse's Ice Cream Shop,5,19.99,disney
315,1639681385,SnDi8tZ6WdoK2rBTyRAboc,Mickey Mouse's Propeller Plane,4,9.99,disney
316,1639681385,GEBJRJJWhrYdAeJXH2WXBS,Disney Train and Station,4.2,329.99,disney
317,1639681385,2GQwFigGm9G5YvDceaA26c,Arendelle Castle Village,4.9,79.99,disney
318,1639681385,JkKh8ArQ2NQTkgmMDzvkqk,Elsa's Magical Ice Palace,5,79.99,disney
319,1639681385,8BrPWPfLUFGz5XS8cxyp79,Raya and the Heart Palace,4.7,79.99,disney
320,1639681385,AmTyMfT9BWhhfZ97XrG6zY,Belle's Castle Winter Celebration,4.9,49.99,disney
321,1639681385,SfpjV5jDawZfQzdsvkvMW3,Boun's Boat,4.3,49.99,disney
322,1639681385,WCEr4VehSm3NQxANfhNbUT,Ariel's Celebration Boat,5,29.99,disney
323,1639681385,abQxvUqzfS46gUviqpboKM,Ariel's Undersea Castle,,29.99,disney
324,1639681385,4wgwa4Py47aeEEbxsv3nD6,Lightning McQueen's Race Day,4.8,29.99,disney
325,1639681385,X8qHYEiF4tq6phvJBzgviX,Anna's Canoe Expedition,4,,disney
326,1639681385,Lj4VrpvC6P35zBndnYRwZX,Ariel's Storybook Adventures,5,19.99,disney
327,1639681385,KV9d6gTJYQdteAAj6eacVJ,Belle's Storybook Adventures,4.3,19.99,disney
328,1639681385,732kfuVFqrn8KMA78PFPdB,Minnie's Birthday Party,5,19.99,disney
329,1639681385,BCmAtWkRXE9pbmfousjwhC,Bruni the Salamander Buildable Character,4.8,12.99,disney
330,1639681385,9bQRrSrRQd2Ajg78cWPwHp,Aurora's Forest Cottage,5,39.99,disney
331,1639681385,8XmbamaQcrm8sWtNFoimFc,Mickey Key Chain,4.5,5.99,disney
332,1639681385,a52iEXmqrjZFeMKjGENUgs,Minnie Key Chain,5,5.99,disney
333,1639681385,fc5UQEAUQZBRhWatbGdiT3,Meet Belle,,7.99,disney
334,1639681387,UJQRjqPsRG7dY2tQnwWAhU,Mickey & Friends Fire Truck & Station,4.9,39.99,mickey-mouse
335,1639681387,9CNCFMANMczhYsnKuLiLqr,Mickey Mouse & Donald Duck's Farm,4.9,29.99,mickey-mouse
336,1639681387,D8KefRSZ56qhdJEKRdRypC,Mickey Mouse & Minnie Mouse's Space Rocket,4.6,19.99,mickey-mouse
337,1639681387,3rmAE5Y5UD5tx4fY7WCrqM,Minnie Mouse's Ice Cream Shop,5,19.99,mickey-mouse
338,1639681387,brGhCMdFsdCvf2WpE9jscJ,Mickey Mouse's Propeller Plane,4,9.99,mickey-mouse
339,1639681432,6ffbJeaZDPvFFcvbS6wbwT,Multi Pack - Summer Vibes,4.8,29.99,dots
340,1639681432,PAG7vX46Wz5VqTyTMK83dx,Gel Pen 6 Pack,,19.99,dots
341,1639681432,ZpkgQnAUESZhzfzsoKJYAY,Lots of DOTS,5,19.99,dots
342,1639681432,LAaaAx3AhoAZMrVTyKCXSb,Pencil Holder,4.7,19.99,dots
343,1639681432,Dk6AVVCurLjTQeYR8FGkzs,Monster Bracelets,5,5.99,dots
344,1639681432,adqaUtWHKnMLgYy8qidxwR,Cool Cactus Bracelet,,4.99,dots
345,1639681432,efZ84nLkDsdhfjR4WLNpHu,Power Bracelet,5,,dots
346,1639681432,WVDnSy3KRRLfJULKDY95Pp,Extra DOTS - Series 3,4,3.99,dots
347,1639681432,mZQL994xj6TLxFRnBuPyuc,Extra DOTS - Series 5,3,3.99,dots
348,1639681432,EVfKmvNFX3LaJ2QPZe2NJt,Cute Banana Pen Holder,,19.99,dots
349,1639681432,2DwkT7TQAmrzy8WRdytXCR,Candy Kitty Bracelet & Bag Tag,,14.99,dots
350,1639681432,Pk3s4RnfFJhzvu9m3GFq3e,Neon Tiger Bracelet & Bag Tag,,14.99,dots
351,1639681432,J93sxZzvNuSyFNwXD2unGy,Gamer Bracelet with Charms,,5.99,dots
352,1639681432,VsUJVub9cAGhSRuWQ4QM8i,Into the Deep Bracelets with Charms,,5.99,dots
353,1639681432,D9BEgBre33VqNev23x5Pmp,Extra DOTS – Series 6,,3.99,dots
354,1639681432,NkcrhwnKKe6S77ZoSondvA,Round 4x4 Key Chain,,6.99,dots
355,1639681432,RJuS4SJacZVvBkznWynvhY,Single Gel Pen with DOTS – Lavender,,5.99,dots
356,1639681432,BuK4ihVwJxrvv4vftg2V2X,Marker 6 Pack,,19.99,dots
357,1639681432,NLc92KvEdSnVoagUdGr62Q,Secret Diary with Lock,,19.99,dots
358,1639681433,MWQm3LBTqirZAMreTLzzeb,Notebook with Elastic Band,,14.99,dots
359,1639681433,4xFimtDsvTQj4rmJKzD6U8,Hard Pencil Case,,12.99,dots
360,1639681433,bNpQ2DYPqkt33Ax486j3Qy,Key Chain with Mini Notebook,5,12.99,dots
361,1639681433,HsjbZQNreqFqo7VL568yBR,Single Gel Pen with DOTS – Medium Azure,5,5.99,dots
362,1639681433,KxUd7KLT2AkXFJyaRcZBcw,Creative Designer Box,4.8,39.99,dots
363,1639681433,XQoSiRCKFqEYZF7XGuBfyC,Creative Party Kit,4.9,24.99,dots
364,1639681433,aLvBHEEhfN3twFhAjRJZby,Bracelet Mega Pack,4.8,24.99,dots
365,1639681433,iJseBZPmqqTy9vDRxByeGU,Creative Picture Frames,4.8,19.99,dots
366,1639681433,XbYHBP3XJgzWxT3aSXcBgf,Desk Organizer,4.4,19.99,dots
367,1639681433,Kx3LKbRxZPZ9WJewW85FA5,Jewelry Box,4.9,19.99,dots
368,1639681433,BvU2S23TNPfAsAFR9SRdhr,Pineapple Pencil Holder,4.9,19.99,dots
369,1639681433,n7cN7N88kxZDFMjsqtMomk,Secret Holder,4.9,19.99,dots
370,1639681433,Y8KRdFQUYa8LTaHYpYZJ9z,Secret Boxes,,14.99,dots
371,1639681433,ZbXgSvVM2fCyrpAKZLR6Pw,Bag Tag Dog,5,6.99,dots
372,1639681433,kDcYZWrVkMqaETDDnTbMAZ,Bag Tag Dragon,5,6.99,dots
373,1639681433,2ADX3tscvmq85hQB9NNLVe,Bag Tag Leopard,,6.99,dots
374,1639681433,75E4bhV62Y2typYWZX8sh8,Bag Tag Narwhal,,6.99,dots
375,1639681433,nicAQkU8MJ4DipuoQ8en3L,Bag Tag Panda,5,6.99,dots
376,1639681433,YPftAgAFjKYSQLXduoe6Z2,Bag Tag Unicorn,,6.99,dots
377,1639681433,GCkoSRm9iVmy2HjyiaxyLJ,Adventure Bracelets,4,5.99,dots
378,1639681433,2FEJFQShMZng3V6VpRWXhX,Ice Cream Besties Bracelets,4.9,5.99,dots
379,1639681433,UVB8nhkHnnejtXgzQqH6Ad,Mermaid Vibes Bracelets,5,5.99,dots
380,1639681433,a3g6cRD8fts4TEsvHV38EW,Starlight Bracelets,4,5.99,dots
381,1639681433,dycK5zdpZimTcSDZ4inn75,DOTS Mini Frame,,4.99,dots
382,1639681433,kTdas8mAYyguxZKHWhqcx2,Go Team! Bracelet,5,,dots
383,1639681433,mfnDUXEEkYSEZwSspsjxYM,Magic Forest Bracelet,5,4.99,dots
384,1639681433,7WVBBgG4Y3yTzxPwsZz5Nz,Music Bracelet,,4.99,dots
385,1639681433,jkBexFDzpH2JHFRPLrajGR,Extra DOTS - Series 2,5,3.99,dots
386,1639681433,MSeFmReYTRXF8aCKrdQCgC,Extra DOTS - Series 4,4.5,3.99,dots
387,1639681489,UQsPJ2ZP9XuZQcAeACXgsQ,Coding Express,,209.95,duplo
388,1639681489,dTSCTX8aM4otfYSzTSYrbi,Tubes,4,144.95,duplo
389,1639681489,XFXhWmFLCjXiTJwR8QSmVy,Backpack - Monkey,,39.99,duplo
390,1639681489,DzLZ3a5z5t3ofQe4x58dBZ,Backpack - Panda,,39.99,duplo
391,1639681489,SkLtvR4G2A9mZxrNDD2y2C,Bath Time Fun: Floating Animal Island,,39.99,duplo
392,1639681489,kiq72uNcAyHXqER5AcrTJE,Creative Building Time,,39.99,duplo
393,1639681489,MBiJZLLRFpC4s4Fc2JCrCy,Bath Time Fun: Floating Animal Train,,19.99,duplo
394,1639681489,bEizLnP3bhNKXin3dEofQq,Belle's Ballroom,,19.99,duplo
395,1639681489,QjPV4DD4724xWjxvhLesmh,Bath Time Fun: Floating Red Panda,,9.99,duplo
396,1639681489,eHommuViouG6w5uiDwWNzM,Tower Crane & Construction,5,129.99,duplo
397,1639681489,LiWJmrWaF4m3Y4a2WJmoxA,Cargo Train,4.2,119.99,duplo
398,1639681490,oFtGWS8viTvieLmrH8vmrP,Amusement Park,4.8,99.99,duplo
399,1639681490,eqdAewvjUnncq4EH3BdK5G,Happy Childhood Moments,5,99.99,duplo
400,1639681490,4yxpdtd8WX76M726bPSC5M,Parking Garage and Car Wash,5,99.99,duplo
401,1639681490,3uvjoRz9pUEhVWDoW7ASri,"Barn, Tractor & Farm Animal Care",5,59.99,duplo
402,1639681490,JuGCBebEm3Rp9Juze2bMq9,Creative animals,5,59.99,duplo
403,1639681490,Tz3d4Ys8nKnJ5vbKGzXWws,Modular Playhouse,4.3,59.99,duplo
404,1639681490,ix24tFv9rVRfbuop9ERfjY,Steam Train,3.4,59.99,duplo
405,1639681490,3mSkfFDtX3prpPoh694aQD,Deluxe Brick Box,3.7,49.99,duplo
406,1639681490,2yh5PfVugdQY9DgYGbRXxF,Frozen Ice Castle,4.5,49.99,duplo
407,1639681490,HQ3Gmfp6MSixZ9tCwPqjVT,Minnie's House and Café,5,49.99,duplo
408,1639681490,fftdGzoVVYCZYDiMsb83ua,Race Cars,4.8,49.99,duplo
409,1639681490,oLcYx9M4JLh596YYMaKG2r,Airplane & Airport,4.5,29.99,duplo
410,1639681490,54wuCaghAAscZwuH467VBc,Brick Box,5,29.99,duplo
411,1639681490,UFxjc6Cjjf6eQVdvXSWmjY,Family Camping Van Adventure,5,29.99,duplo
412,1639681490,SBVCUBnXNgV9sDbagNJDFh,Horse Stable and Pony Care,5,29.99,duplo
413,1639681490,gR3u5HaWAqAiGaXth5mNoy,Mickey & Minnie Birthday Train,,29.99,duplo
414,1639681490,LGnj7Rqw5C8UmR7JsYcjFQ,Spider-Man Headquarters,4.9,29.99,duplo
415,1639681490,79jDE6gsdnd2NteCVpFZTR,Super Heroes Lab,5,29.99,duplo
416,1639681490,UyvGzsQbqQh3JbGb6W4J6C,T. rex and Triceratops Dinosaur Breakout,4.8,29.99,duplo
417,1639681490,QwoFvHk7zXvaiKeRvuZVXt,Alphabet Truck,3.7,24.99,duplo
418,1639681490,Li8xSNJq9sxY3iDoXeHS9T,Train Bridge and Tracks,3,24.99,duplo
419,1639681490,9VPoLLKpWJdhqRao5GEuEx,Animal Train,,19.99,duplo
420,1639681490,DZvqbzPgFyT4qE7b8wuJQi,Elsa and Olaf's Tea Party,3,19.99,duplo
421,1639681490,4ecv9vVBAY7HZiaH4bUFUo,Farm Tractor & Animal Care,5,19.99,duplo
422,1639681490,bRvJCZyhf5VrNjRTHcu2Ur,Garbage Truck and Recycling,4.8,19.99,duplo
423,1639681490,J4BFQ98bz3BUFRisiG2rbk,Heart Box,5,19.99,duplo
424,1639681490,Nyf8ERRWr65jkzMTwDGZh4,Number Train - Learn To Count,5,19.99,duplo
425,1639681490,JEsSVt7wUiBahr6WhDEAy8,Space Shuttle Mission,5,19.99,duplo
426,1639681490,YXrazi3aE2hY3aKRWLAemp,Train Tracks,3.6,19.99,duplo
427,1639681490,5kvKbtheoF8JgzkZby6AZh,Truck & Tracked Excavator,3.5,19.99,duplo
428,1639681490,gnx4Yai2c4HtyV8j2acSdS,LEGO® DUPLO®  Green Baseplate,3.8,14.99,duplo
429,1639681490,AUmQGHJqzrVwYcYALrgKV8,Bulldozer,,9.99,duplo
430,1639681490,PqedDrJxeeiiLfyrHXpiqJ,Farm Animal Care,5,9.99,duplo
431,1639681490,3mTqYJreoGHdLsw3xCNpa4,Fire Helicopter & Police Car,3.5,9.99,duplo
432,1639681490,QNtZRW8ySbXgbLqQunydLc,Unicorn,,9.99,duplo
433,1639681490,oRTfhXmpV5z9k7bdbFZaqQ,LEGO® Education My XL World,,244.95,duplo
434,1639681490,Qu7invNWoimPRs6vn8NHwZ,Tech Machines,4,209.95,duplo
435,1639681490,MM5HREpE4mRR5GFGem8WVx,STEAM Park,,179.95,duplo
436,1639681490,EsM8MCTtE3hxbNGukx7eKZ,World Animals,5,99.99,duplo
437,1639681490,dcEqp3LxaYM4kprkcBuymq,Creative Birthday Party,5,59.99,duplo
438,1639681490,bUim9rGjMRBpYy4YshWKKd,Tropical Island,,59.99,duplo
439,1639681490,etHAq3jhpNwxDxtcVw2T9c,Wrecking Ball Demolition,,59.99,duplo
440,1639681490,fAMRCnDXjQXiYbNVzypLy7,Fire Station,4.5,49.99,duplo
441,1639681490,XUvZictHmLHzdhVyQr272G,Creative Fun,4.5,39.99,duplo
442,1639681490,VVBBD3FEwgsZXTigRCbnCq,Ariel's Undersea Castle,,29.99,duplo
443,1639681490,4vTVxVmHdC6meVBKYWjqq6,Batcave™,3.7,29.99,duplo
444,1639681490,gaNBcRkE644XPRegvkVHez,Lightning McQueen's Race Day,4.8,29.99,duplo
445,1639681490,HdmGCQfgy4QPtyBTgBcUvj,Fire Truck,4.3,19.99,duplo
446,1639681490,LWNKBbdrazWMtZ8DcAZQYD,Minnie's Birthday Party,5,19.99,duplo
447,1639681490,5dspML8fH7icJhjqY3EcEP,My First Car Creations,4.3,19.99,duplo
448,1639681490,d9BKUpSXt79zej8c9XHVeU,Number Train,5,19.99,duplo
449,1639681490,GSeqLTSqWahh49H8oQZMFk,Submarine Adventure,4.5,19.99,duplo
450,1639681490,MVdCMtox689CqVFEBm7CWr,Bedroom,5,14.99,duplo
451,1639681490,WwzgDtaTgcts4wp3RNBMox,Playroom,5,14.99,duplo
452,1639681490,nXb3WLpGmm275tAkz9VRU7,Pizza Stand,,9.99,duplo
453,1639681490,YCrEmEfqCYrgFUs7wXa6YT,Plane,4.5,9.99,duplo
454,1639681490,XGuT4Qb8zYHdiM2ypL6Wze,Police Bike,4.7,9.99,duplo
455,1639681544,FfZxusHaRnaAoDdgi94ubR,Olivia's Remote Control Boat,5,3.99,friends
456,1639681544,BPjuBA77GHjhYdGthXxj9B,Main Street Building,,149.99,friends
457,1639681544,UrMVyt3no9EVfUHYj7WSkE,Canal Houseboat,,79.99,friends
458,1639681544,Niz7DedexrZLkkcRdPRyH8,Friendship Tree House,,79.99,friends
459,1639681544,PM9C3LF2WAQvaHTptLW5TR,Street Food Market,,49.99,friends
460,1639681544,cbsofEU4HbXx3Re5iGAc9r,Beach Glamping,,39.99,friends
461,1639681544,8zApWAp2TA4ePyisbu77Wt,Tree-Planting Vehicle,,29.99,friends
462,1639681544,jsgvghBitgCGWiujPSDHki,Pet Clinic,,19.99,friends
463,1639681544,cnDDixdkGHAmeWdkcqVYbw,Turtle Protection Vehicle,,9.99,friends
464,1639681544,NUBZuiakWdYNoWZ4rX74Q6,Heartlake City Grand Hotel,5,99.99,friends
465,1639681544,DVLgoqy5ssFuQE3bRVde8x,Heartlake City Shopping Mall,4,99.99,friends
466,1639681544,MCZvCSjcqu3rmrQJMbAUQG,Magical Funfair Roller Coaster,5,99.99,friends
467,1639681544,4tGggYNH64RHBGuMMKyE3w,Jungle Rescue Base,4.9,79.99,friends
468,1639681544,kRR67YvQP5CUkSG6XFUkXG,Andrea's Family House,4.9,69.99,friends
469,1639681544,Ny3L8yvWqcpsPF8qUrTDsD,Forest Horseback Riding Center,4.9,69.99,friends
470,1639681544,42AxgLTsqxbUouRrAgxcQs,Friendship Bus,5,69.99,friends
471,1639681544,4bwRqhYcu8zgnFxXVBcETr,Surfer Beachfront,5,69.99,friends
472,1639681544,TkkMyuJTmxJm5hY5WyqcLA,Alpaca Mountain Jungle Rescue,4.8,59.99,friends
473,1639681544,4g3H9uekZFHTHPUg38VNNr,Heartlake City School,4.9,59.99,friends
474,1639681544,HZiFZKJhFqKHpRfXvkPfAA,Magical Ferris Wheel and Slide,4.9,59.99,friends
475,1639681544,64KtARsTZSwweaZrvf9phN,Forest Camper Van and Sailboat,4.9,49.99,friends
476,1639681544,hV6Ya9ypeEhHSHLpUUt4jN,Heartlake City Movie Theater,4.7,49.99,friends
477,1639681544,fWUCgpz96sxLcSor5AmMqg,Magical Caravan,4.9,39.99,friends
478,1639681544,XKoJaWDyRQVggnQaq2rfzp,Forest House,5,29.99,friends
479,1639681544,4WNyovNjbRypkPqoUCwe7j,Heartlake City Organic Café,4.9,29.99,friends
480,1639681544,8Z8sUGF6eCRyNiv32krvjG,Horse Training and Trailer,4.8,29.99,friends
481,1639681544,8DzqhaaBGwN8jqijdVgdcs,Magical Funfair Stalls,5,29.99,friends
482,1639681544,MmJHZXYDBELFpszfu5C7Xt,Panda Jungle Tree House,5,29.99,friends
483,1639681544,Pi9Ch5eZLn8k6NbM6uKH2V,Doggy Day Care,4.9,19.99,friends
484,1639681544,H3LrXSjHSd6bko8caGWVQq,Magical Acrobatics,5,19.99,friends
485,1639681544,AJyNcB6tqx7AYPxYTLHhiX,Olivia's Electric Car,4.9,14.99,friends
486,1639681544,TBnwPxScpFRo52sRBoTsyw,Forest Waterfall,,9.99,friends
487,1639681544,oNYucuGZESpbNwwYYW3QPK,Cat Grooming Car,5,9.99,friends
488,1639681544,mWCJEDSbFvh6mdZELEPrCK,Summer Fun Water Park,4.9,99.99,friends
489,1639681544,VnbvrSdCeuZJHw9erThP4F,Party Boat,4.7,79.99,friends
490,1639681544,Sb8vvZouUgr9rWuSQNAiPB,Heartlake City Airplane,4.4,69.99,friends
491,1639681544,LnEKEsjjocoLPE7yR8rsvJ,Beach House,4.7,49.99,friends
492,1639681544,PjL2Eo74pfRaz2QbSPHERe,Heartlake City Hospital,4,49.99,friends
493,1639681544,JF4WD2hKyaKWrGr3cyACzB,4+ Stephanie's House,5,39.99,friends
494,1639681544,J8jPF6ekwTU8ewTAkDFY8G,Baking Competition,5,39.99,friends
495,1639681544,ZFvkqzuegvcFKiMYx4oVfU,Heartlake City Brick Box,5,39.99,friends
496,1639681544,fzWU9QrBXziL2WSbhFqy6j,Heartlake City Park,5,39.99,friends
497,1639681544,AtmZ5BguSefDegCmHYAaRu,Heartlake City Vet Clinic,4,39.99,friends
498,1639681544,3Datb9jpY9M3tm6UxyjZXH,Tiger Hot Air Balloon Jungle Rescue,5,39.99,friends
499,1639681544,kNHfdSbyGUKt7NuC48n5eG,Emma's Fashion Shop,4.8,29.99,friends
500,1639681544,gP2d2EeNg5xCKgXA6NVgXN,LEGO® Friends Advent Calendar,5,29.99,friends
501,1639681544,hg7Uj2VVah6yS3bcMDauCE,Nature Glamping,4.8,29.99,friends
502,1639681544,W7VZZs72qFiZKrQCfPEDum,Vet Clinic Ambulance,5,29.99,friends
503,1639681544,RjLpAMTX7zDP6ZVXmbKmJG,Andrea's Car & Stage,4.5,19.99,friends
504,1639681544,VnzxSmBNbYUHUANGAcEtCX,Baby Elephant Jungle Rescue,5,19.99,friends
505,1639681544,nDnMtS7q4g5oAyiywWeMgs,Heartlake City Bakery,5,19.99,friends
506,1639681544,5ftv4sNe9cyU2KFYEXmQEq,Heartlake City Hair Salon,4,19.99,friends
507,1639681544,AfbPWPSvW2jqVFHNYcishf,Heartlake City Park Café,5,19.99,friends
508,1639681544,Q5mJX3KGA7C8iJcZHZ93bn,Vet Clinic Rescue Helicopter,4.9,19.99,friends
509,1639681544,EpMqigTAA77ieFinceuwzM,Andrea's Bunny Cube,,9.99,friends
510,1639681544,VyCFH8EhykUJ3byWMnDXsT,Andrea's Swimming Cube,,9.99,friends
511,1639681544,9xTzqJPsd5HxPYrirDhesV,Emma's Dalmatian Cube,,9.99,friends
512,1639681544,FCackUkuYrCXYHcxezqEhZ,Emma's Fashion Cube,,9.99,friends
513,1639681544,G9Di2e5pHrWtCWDBgwcXEa,Mia's Pug Cube,5,9.99,friends
514,1639681544,6vZ8WbjRhyadEhPBqG6Rx4,Mia's Soccer Cube,,9.99,friends
515,1639681544,c7YXGVVEytMfFmgM3sTCaJ,Olivia's Flamingo Cube,4,9.99,friends
516,1639681544,Ze9spSLvcYY245SyjwCF55,Olivia's Flower Garden,4.7,9.99,friends
517,1639681544,8QHgMKttT9KuLPf8QaHhwA,Olivia's Gaming Cube,5,9.99,friends
518,1639681544,UFL4VaoUDbNigLdXGKDaV5,Puppy Playground,5,9.99,friends
519,1639681544,FCA55WXAk2VcX79XEHWm52,Stephanie's Ballet Cube,,9.99,friends
520,1639681544,fdKiYHv6oFGcuQ5KYKkc2a,Stephanie's Cat Cube,,9.99,friends
521,1639681544,PZNj6PriSP7MeSK3ELoKz5,Vet Clinic Rescue Buggy,5,9.99,friends
522,1639681544,fwvHnHpgJmWZhESzHVH8Tc,Friends Club House Pod,5,6.99,friends
523,1639681544,S6kjdZLxPhsLMVJsVGShrx,Olivia's Satellite Pod,3,,friends
524,1639681544,FNgVyxhLkp3JkDzgniJppv,Chocolate Box & Flower,4.5,,friends
525,1639681547,oPKNTdopTVefVDEsMipNCL,The Ice Castle,4.9,199.99,disney-frozen-2
526,1639681547,fZogH6R33QXxcNE2zhwhvJ,Annaâs Castle Courtyard,,9.99,disney-frozen-2
527,1639681547,HEmbrmFfCJCJCEWX6njJ9L,Elsaâs Castle Courtyard,,9.99,disney-frozen-2
528,1639681547,EdtPbSvcw78rUontqtyGgN,LEGOÂ® Ç Disney Frozen 2 Anna Key Chain,,5.99,disney-frozen-2
529,1639681547,JYjwdi5oUznxcGpwdZKFSR,LEGOÂ® Ç Disney Frozen 2 Elsa Key Chain,,5.99,disney-frozen-2
530,1639681547,So48AJp2wb3AYLL6DDvqWD,LEGOÂ® Ç Disney Frozen 2 Olaf Key Chain,,5.99,disney-frozen-2
531,1639681547,UmEpjfWaMTxKdhgNf2NJEN,Frozen Ice Castle,4.5,49.99,disney-frozen-2
532,1639681547,mu9eFHFUwEbCoFkuXdicY6,Anna and Elsa's Frozen Wonderland,4.9,39.99,disney-frozen-2
533,1639681547,n3iRuopbUTezXEowiqmpxA,Elsa's Jewelry Box Creation,4.8,39.99,disney-frozen-2
534,1639681547,4Tf75RedTvbCZ6nyxxGK5z,Elsa's Wagon Adventure,3.3,29.99,disney-frozen-2
535,1639681547,RJgfr6jncSKouLaqAsc2DU,Anna and Elsaâs Storybook Adventures,3.9,19.99,disney-frozen-2
536,1639681547,H24kUDdQxkom6DaDgp28QV,Elsa and Olaf's Tea Party,3,19.99,disney-frozen-2
537,1639681547,KVEBRTMvcg4KADbdAYe8AY,Elsa and the Nokk Storybook Adventures,4.5,19.99,disney-frozen-2
538,1639681547,CM8WAuH3XYi2LQ3azbXrto,Arendelle Castle Village,4.9,79.99,disney-frozen-2
539,1639681547,UQPvzFVrNRYkqfazgXSu2e,Elsa's Magical Ice Palace,5,79.99,disney-frozen-2
540,1639681547,7WQGmjbump4jfYFgnfzy5T,Anna's Canoe Expedition,4,,disney-frozen-2
541,1639681547,NTvcoEVgE6VRjim8NCptUM,Bruni the Salamander Buildable Character,4.8,12.99,disney-frozen-2
542,1639681592,LQE8NAAuAB8SHRfmqfcBpu,"Harry, Hermione, Ron & Hagrid™",5,24.99,harry-potter
543,1639681592,jknRUZcZgaAPXQkiGxGGtV,"Voldemort™, Nagini & Bellatrix",5,24.99,harry-potter
544,1639681592,7KdtxwcyckQQDDwYq79Pjj,Harry Potter & Hermione Granger™,4.8,119.99,harry-potter
545,1639681592,fSwf4a9h3C4HEukgsZGAcu,Hogwarts™: Fluffy Encounter,4.4,39.99,harry-potter
546,1639681592,Brf2DZ5AwQVYSrCzPYPhtB,Hogwarts™ Moment: Herbology Class,4.8,29.99,harry-potter
547,1639681592,5uS2sBYDXWKNrQ5PYnMp9u,Hogwarts™ Moment: Potions Class,4.7,29.99,harry-potter
548,1639681592,DpgRkcnFvN4bTDLjVauLnh,Hogwarts™ Moment: Transfiguration Class,4.7,29.99,harry-potter
549,1639681592,YDU2Axcr8guHDia9VhrsYv,Hogwarts™: First Flying Lesson,4.3,29.99,harry-potter
550,1639681592,Gy6Cpd93WcdcaZKkLWFfjQ,Hogwarts™ Students Acc. Set,3.9,14.99,harry-potter
551,1639681592,Mk6boE7tLDU9pXtq7mZvN8,Hogwarts™ Magical Trunk,,59.99,harry-potter
552,1639681592,iNJk3sjoabzvWnFS2UaZ4b,Harry Potter™ Key Chain,,5.99,harry-potter
553,1639681592,Hsudj4qvyVCScW6GakrNWv,Hermione Key Chain,,5.99,harry-potter
554,1639681592,YaCfHNbKQg46tmrXQ6Cxxx,Ron Key Chain,,5.99,harry-potter
555,1639681592,HPsM7aPni7keq7qB542TdN,Diagon Alley™,4.3,399.99,harry-potter
556,1639681592,Rv7CJWVq7f2qf8ZJXnnUHH,Hogwarts™ Icons - Collectors' Edition,4.8,249.99,harry-potter
557,1639681592,UYKhLex3G6KERZFz2fEd68,Hogwarts™ Clock Tower,4.7,89.99,harry-potter
558,1639681592,WYUJffNboG5jt7XJ7Bjahp,Hogwarts™ Castle,4.8,399.99,harry-potter
559,1639681592,8nNeSi6f5UxMnzmymVpUah,Hogwarts™ Chamber of Secrets,4.7,129.99,harry-potter
560,1639681592,jkipzr9DD5BSGCtEYY9oaU,Harry Potter™ Hogwarts™ Crests,4.3,119.99,harry-potter
561,1639681592,SqUfdofibaNkhwNJDTSToq,Attack on the Burrow,4.7,99.99,harry-potter
562,1639681592,dno2LduNtys4j7SMJXKrPw,Hogwarts™ Astronomy Tower,4.4,99.99,harry-potter
563,1639681592,Jx9FVT6ZnrY5rbUMsC8W5h,Hogsmeade™ Village Visit,4.8,79.99,harry-potter
564,1639681592,TWha9aLWuyUY8amdrfiRGs,Hogwarts™ Express,4.6,79.99,harry-potter
565,1639681592,2p2Qej9j3hCyNnsELjk3Hb,4 Privet Drive,4.6,69.99,harry-potter
566,1639681592,LMSXSHXAZF6eTx9dzHfLzM,Hogwarts™ Wizard’s Chess,4.6,59.99,harry-potter
567,1639681592,MC8j4mMd2QgQ3nzjW9vYqE,"Fawkes, Dumbledore’s Phoenix",5,39.99,harry-potter
568,1639681592,Du3fiNNLYYEBU6S2KdQUGk,Hedwig™,4.7,39.99,harry-potter
569,1639681592,8k5sF8u7xZdoSQrWF8KwPr,The Knight Bus™,4.5,39.99,harry-potter
570,1639681592,bn8K3HUyRW7nVg6AmqbLAH,Hogwarts™ Moment: Charms Class,4.8,29.99,harry-potter
571,1639681592,H6gHtDbZdJucJSJt8RSNT9,Hogwarts™ Room of Requirement,4.6,19.99,harry-potter
572,1639681592,BUcqmBAaAmhQ22iaRua7rY,Hogwarts™: Polyjuice Potion Mistake,4.8,19.99,harry-potter
573,1639681592,3tCahEdUCu7uvETD52ceDJ,Forbidden Forest: Umbridge's Encounter,4.3,29.99,harry-potter
574,1639681592,C9kgY7KwiidoD8UxueMZnt,Hogwarts™ Whomping Willow™,4.4,69.99,harry-potter
575,1639681592,bFP7YukYVtRoeeh7Q2jHdZ,Hagrid's Hut: Buckbeak's Rescue,4.1,59.99,harry-potter
576,1639681592,Ju2tWDpg57aHb2Lw79QK7R,LEGO® Harry Potter™ Advent Calendar,3.8,39.99,harry-potter
577,1639681592,BK6Yk8KBwganqw7dahKbsf,Wizarding World Minifigure Accessory Set,,14.99,harry-potter
578,1639681592,FND4qdDasbXSSRZjcpxHL8,Magical Treasury,,21.99,harry-potter
579,1639681638,grSV7VihzHjsbB4UMem6XX,LEGO® Ideas Fender® Stratocaster™,4.1,99.99,ideas
580,1639681638,WM5SmtHf7Z7kwASeaBfBmT,123 Sesame Street,4.6,119.99,ideas
581,1639681638,UtNEgVry4s8rv4qHq7nbvx,Ross Key Chain,,5.99,ideas
582,1639681638,fskhvV2axEQqzRJnTSgv3d,LEGO® Ideas Home Alone,4.6,249.99,ideas
583,1639681638,XmzeaUm99cJr8CNXuePfjN,Seinfeld,4.7,79.99,ideas
584,1639681638,6Sb9DgdaDGzdv6crDpWBdx,Typewriter,4.4,199.99,ideas
585,1639681638,RU7jkd9fp5Fpa8affLTQkv,Medieval Blacksmith,4.9,149.99,ideas
586,1639681638,4NQRf4pA8xLJFEBJr8coLw,Winnie the Pooh,4.8,99.99,ideas
587,1639681638,7kRAVSQUAwrfC7X346Pqdg,International Space Station,4.4,69.99,ideas
588,1639681638,Qgitni3ySY8nv5aaotDdWL,Central Perk,4.6,59.99,ideas
589,1639681638,5NX9mrScUgs2Q8Q5p6g5vN,Ship in a Bottle,4.6,69.99,ideas
590,1639681638,W8XwEcHmcBvWVFcTsuTfx5,Dinosaur Fossils,4.7,59.99,ideas
591,1639681638,bua7k9FiaMPvTMVcXPJx7j,Grand Piano,4.4,349.99,ideas
592,1639681638,k8YJhzyWG5av36qbBGbqB8,Tree House,4.7,199.99,ideas
593,1639681638,MGyoQAgrhzYaEMGbDQPiv4,LEGO® NASA Apollo Saturn V,4.8,119.99,ideas
594,1639681638,AZ4ZtSwWzAUCzUbkfwKnwS,Pirates of Barracuda Bay,4.9,199.99,ideas
595,1639681638,ZFZ8gmxQTnV7WQwgdRcUeg,Joey Key Chain,4.5,5.99,ideas
596,1639681638,HNTA8oorCfmJXdMTVdqjca,Monica Key Chain,,5.99,ideas
597,1639681638,DcS6RsDvFfPtY9rzspshUk,Phoebe Key Chain,,5.99,ideas
598,1639681641,bHqkejpCiESDGX7wY9Nb4v,Baryonyx Dinosaur Boat Escape,4.8,79.99,jurassic-world
599,1639681641,8VFwXTHuRimz83iEBVr9JU,Carnotaurus Dinosaur Chase,4.9,49.99,jurassic-world
600,1639681641,QKwrCaeNGNGhddWT7Dj6FE,Gallimimus and Pteranodon Breakout,4.8,49.99,jurassic-world
601,1639681641,CvTJkRzNaxh2UiscvrZzF2,Stygimoloch Dinosaur Escape,5,39.99,jurassic-world
602,1639681641,PNaRgrxCJ6TN5wArdZPwWq,T. rex Dinosaur Fossil Exhibition,4.9,29.99,jurassic-world
603,1639681641,2arbUuQW45uHZYtthUuSah,T. rex and Triceratops Dinosaur Breakout,4.8,29.99,jurassic-world
604,1639681641,epavsyJhGovfXArrtBYXyZ,Velociraptor: Biplane Rescue Missionâ,4.5,29.99,jurassic-world
605,1639681641,KkxaNc2Gnff7nk9pZRAAUt,Dr. Wu's Lab: Baby Dinosaurs Breakoutâ,4.6,19.99,jurassic-world
606,1639681641,MCGZPn76GJunRR7AsAngpX,Jurassic Park: T. rex Rampage,4.7,249.99,jurassic-world
607,1639681641,mHtTVhzZRsQ7ey7r2wQ9RJ,Indominus Rex vs. Ankylosaurus,4.7,99.99,jurassic-world
608,1639681643,6x7jRSsD58yYFWeqRNZe5J,Art Project - Create Together,5,119.99,art
609,1639681643,TT23Nh8Vvqo8MH8FgopB4i,World Map,4.3,249.99,art
610,1639681643,nnbxMYYSfvjEcfuzthVveN,Andy Warhol's Marilyn Monroe,4.7,119.99,art
611,1639681643,DvJTdPM77qweRHNka7EspN,Disney's Mickey Mouse,4.4,119.99,art
612,1639681643,9i2oDAUV4KRbr9XEb9b4s7,Harry Potterâ¢ Hogwartsâ¢ Crests,4.3,119.99,art
613,1639681643,S8hbwVf4miLsU5SYAD3uk2,Star Warsâ¢ The Sithâ¢,4.4,119.99,art
614,1639681643,J9gtzdxR3jMFBZK5TB4fib,Marvel Studios Iron Man,4.2,119.99,art
615,1639681643,gsLT6AbudWFdRJEmtFHfwg,The Beatles,3.5,119.99,art
616,1639681643,CrkGaQxMrcTjarn3MkGNpX,"Ice Cream Dream 1,000-Piece Puzzle",,17.99,art
617,1639681643,i9R8qFNWjCZ3T8UhsZtSDq,"Minifigure 1,000-Piece Puzzle",,17.99,art
618,1639681643,gdMWXDrmexKQt96mZinGRe,"Minifigure Faces 1,000-Piece Puzzle",,17.99,art
619,1639681643,6WwrpLSarGFwyBeAznfsSo,"Rainbow Bricks 1,000-Piece Puzzle",,17.99,art
620,1639681643,D88XGQbfbaCwQvuR4kArDL,"Paint Party 1,000-Piece Puzzle",,17.99,art
621,1639681646,P9CJ8GPVfAQBgaj9k9U3FN,LEGOÂ® Technicâ¢ Small Hub,,189.95,lego-education
622,1639681646,23hXZwE6kfGDsvVboTT97r,LEGOÂ® Technicâ¢ Small Hub Battery,,59.95,lego-education
623,1639681646,gNr3SbfHgP89tYXXfUVGpG,Coding Express,,209.95,lego-education
624,1639681646,JyovpRtfunwU8LaMwsgRQ7,Tubes,4,144.95,lego-education
625,1639681646,CsMbktcXRTAYH4ck2cxejY,LEGOÂ® Education SPIKEâ¢ Essential Set,,274.95,lego-education
626,1639681646,UWo4kYMUJ6NRaZnyCVqRP4,LEGOÂ® Education BricQ Motion Essential Set,,99.99,lego-education
627,1639681646,LGqVUMYpXgunWguUBfWsB3,LEGOÂ® Education BricQ Motion Prime Set,,99.99,lego-education
628,1639681646,gU9My3ZaYxn2Jq5Uqk8dWv,LEGOÂ® Education SPIKEâ¢ Prime Set,4.5,339.95,lego-education
629,1639681646,Le4vPQbHZ5jytiDvPy8bR9,LEGOÂ® Education My XL World,,244.95,lego-education
630,1639681646,FNiLqZW2Ku2cHNPcMr6TqY,Tech Machines,4,209.95,lego-education
631,1639681646,aQGPH5E5tWpUWbpkUN9HX2,STEAM Park,,179.95,lego-education
632,1639681646,2N8PE9HfVFccWzoVQH5GoS,StoryTales,,134.95,lego-education
633,1639681646,CMEsnWvLRuBsWuryM7V3nh,"Build Me ""Emotions""",,79.95,lego-education
634,1639681647,4otFMiwbTCFRpUVo3ksuTH,LEGOÂ® Wooden Minifigure,3.3,119.99,lego-originals
635,1639681704,jr6HBZwyxsLAszxsNZNwJd,The Team-Up Bundle,,119.98,super-mario
636,1639681704,Dg2o7zgbzwmnmGLBUGc7yY,Adventures with Luigi Starter Course,4.6,59.99,super-mario
637,1639681704,49hz3n9UcCgkSLnem2Hii7,Adventures with Mario Starter Course,3.6,59.99,super-mario
638,1639681704,fj96fbQDX2AkSQugCzyrkV,Bowser’s Airship Expansion Set,4.7,99.99,super-mario
639,1639681704,6TuNrJb97irtvkA6kP2ZDc,Reznor Knockdown Expansion Set,4.8,69.99,super-mario
640,1639681704,bv3dwb7G7ZNHooJPDWiKVw,Wiggler’s Poison Swamp Expansion Set,4.8,39.99,super-mario
641,1639681704,SCmJRnodyohfgcgNn94coj,Boss Sumo Bro Topple Tower Expansion Set,4.9,29.99,super-mario
642,1639681704,4a4oq9xCnzpQV2bhC2sSGw,Piranha Plant Puzzling Challenge Expansion Set,4.5,29.99,super-mario
643,1639681704,VPpjmNWsW846ePWL3Cg6zH,Bee Mario Power-Up Pack,3,9.99,super-mario
644,1639681704,i7y9tYcshQ93tywP8qXEao,Tanooki Mario Power-Up Pack,3.7,9.99,super-mario
645,1639681704,HQGb4NkbgPcNtJEXvC8LEL,Luigi’s Mansion™ Haunt-and-Seek Expansion Set,,79.99,super-mario
646,1639681704,8HuRucAdfae6qcX6g97tQL,Big Urchin Beach Ride Expansion Set,,59.99,super-mario
647,1639681704,4kuE7C3X8JBAPJLAjcse2Y,Luigi’s Mansion™ Entryway Expansion Set,,39.99,super-mario
648,1639681704,SqJZBJgej3WwiFej94pi7Z,Dorrie’s Beachfront Expansion Set,,29.99,super-mario
649,1639681704,HmMH7DUcZiYxKWuNnZyMDs,Luigi’s Mansion™ Lab and Poltergust Expansion Set,,29.99,super-mario
650,1639681704,73aJKKYSsUvKTwBoWjHGiA,Bowser Jr.'s Clown Car Expansion Set,,9.99,super-mario
651,1639681704,SY2gfbcPH4j29ewKEyjAMq,Character Packs – Series 4,,4.99,super-mario
652,1639681704,aTBtfppqge3CG8z6oRncUx,The Ultimate Bundle,,299.95,super-mario
653,1639681704,8a2vtVpvfLyiMtA8dPPwQ2,Super Mario 64™ Question Mark Block,4.9,169.99,super-mario
654,1639681704,7kfGTRvkeC8GmWzNfJakSt,The Creative Bundle,,129.97,super-mario
655,1639681704,KbJcja9X8Vg4cB6yCD2YtJ,Nintendo Entertainment System™,4.7,229.99,super-mario
656,1639681704,aMpJj8tWNEAAt4GNqj8Z2B,Toad’s Treasure Hunt Expansion Set,4.5,69.99,super-mario
657,1639681704,PsAGbVajT5CRDb2QkhxLYJ,Lakitu Sky World Expansion Set,4.8,39.99,super-mario
658,1639681704,BqzPkeDbPG8CXwaANMyosr,Mario’s House & Yoshi Expansion Set,3.9,29.99,super-mario
659,1639681704,3efg3ti6zxWyBJ5zs7yycD,Chain Chomp Jungle Encounter Expansion Set,4.7,19.99,super-mario
660,1639681704,AUeamRLSHyimLP64NjvTYv,Cat Mario Power-Up Pack,4.5,9.99,super-mario
661,1639681704,Gx2yZjrnfmyfFvzkYdkUyU,Fire Mario Power-Up Pack,3.9,9.99,super-mario
662,1639681704,QB2jFpc5m3X57c6xWi8MVa,Frog Mario Power-Up Pack,5,9.99,super-mario
663,1639681704,T64mCZddZciWMDk2pBTr5K,Bowser's Castle Boss Battle Expansion Set,3.5,99.99,super-mario
664,1639681704,BXTE2nY2GgwRghrJWCMrFg,Master Your Adventure Maker Set,4.9,59.99,super-mario
665,1639681704,SNfztXrTbr47VYpvbioX3A,Guarded Fortress Expansion Set,4.7,49.99,super-mario
666,1639681704,E6zbcPJBkqrJtHX86SwXLf,King Boo and the Haunted Yard Expansion Set,4.7,49.99,super-mario
667,1639681704,RBy57N56vSttqsMPRqUYmg,Thwomp Drop Expansion Set,4.9,39.99,super-mario
668,1639681704,Q3Ren8d5gKwXGiDfBNNwDF,Boomer Bill Barrage Expansion Set,4.2,,super-mario
669,1639681704,TpgPxGRDCgictkardkgBwa,Piranha Plant Power Slide Expansion Set,4.1,29.99,super-mario
670,1639681704,DfNZaV4VmZDxxdaT23PSFL,Desert Pokey Expansion Set,4.7,19.99,super-mario
671,1639681704,2wTa9vdSUb2BWEUyRquNxC,Whomp’s Lava Trouble Expansion Set,4.5,,super-mario
672,1639681704,FpWk9LXqnUw6YQYJf5anvX,Builder Mario Power-Up Pack,4.3,,super-mario
673,1639681704,EhDfgZgGaEUQ6GvVNtwEsQ,Penguin Mario Power-Up Pack,4.7,9.99,super-mario
674,1639681704,34LrZxNy784bsPwmwQNpwm,Character Packs – Series 3,2.5,4.99,super-mario
675,1639681781,KrQSWb7feGGaMwMNT3esdD,LEGO® Marvel Rise of the Domo,4.7,89.99,marvel
676,1639681781,2DLN75RLpziY5XQjTsmsfF,Avengers: Endgame Final Battle,4.8,69.99,marvel
677,1639681781,bzYP6Cvvpq6iur8LcDGk5g,Infinity Gauntlet,4.7,69.99,marvel
678,1639681781,5qiBkT4rNcNFQ6bbCB5h89,LEGO® Marvel The Eternals In Arishem’s Shadow,5,59.99,marvel
679,1639681781,93uG57PUBkYoLf5PVHcoqQ,Battle at the Ancient Village​,3.4,39.99,marvel
680,1639681781,oBE5jn6vJJCWxPeScNSNGF,Sanctuary II: Endgame Battle,3,39.99,marvel
681,1639681781,CcryxSzAM3eriuzndjFvHP,Escape from The Ten Rings​,2.8,29.99,marvel
682,1639681781,5szYhkQSHtUMBuTwLH4tZJ,LEGO® Marvel Deviant Ambush!,4.8,24.99,marvel
683,1639681781,Qco4uJ7njDvjauwAdqAeUk,Black Panther Dragon Flyer,4.8,19.99,marvel
684,1639681781,XEuvMURrqTGEkWB2zbsAm4,Eternals’ Aerial Assault,,9.99,marvel
685,1639681781,fZXLDcHsq678u5iQDoPeFG,Falcon & Black Widow team up,4.8,,marvel
686,1639681781,WfQ7KmZ9Nc6KEw6NDZcp6D,Spider-Man Webquarters Hangout,,49.99,marvel
687,1639681781,T6fAkuEFpH3iDtjTcmqx5u,Iron Man Figure,,39.99,marvel
688,1639681781,BLmN2H36jjURuaj72vx6dp,Gargantos Showdown​,,29.99,marvel
689,1639681781,QvHmydi564Ky6CDvUxP78N,Spider-Man at Doc Ock’s Lab,,29.99,marvel
690,1639681781,FgYzgcH4iNeN8uhDFrxuwA,Hulk vs. Rhino Truck Showdown,,19.99,marvel
691,1639681781,VjVzRitxcVsSuviWrPVAMy,Miles Morales: Spider-Man’s Techno Trike,,9.99,marvel
692,1639681781,bLNbbQq39DLNqe6LKGEsfb,Captain Marvel Key Chain,5,5.99,marvel
693,1639681781,hEwqtfSSEw2o5X89jorWPD,Thanos Key Chain,3.5,5.99,marvel
694,1639681781,WZMrkRDkxyFBMgN4jhm4tb,Venom Key Chain,5,5.99,marvel
695,1639681781,VWs2hm5FFar5u8cBcaWNPK,Carnage Key Chain,,5.99,marvel
696,1639681781,aKChLdn2xpKXbBDpzrLzbt,Miles Morales Key Chain,,5.99,marvel
697,1639681781,i7RLLcE9CbpY3iYwAyz4x7,Daily Bugle,4.5,299.99,marvel
698,1639681781,gHuvTgj7Rob7rxasEbLgZQ,Captain America and Hydra Face-Off,,9.99,marvel
699,1639681781,kPTvGx3DP82gKSmoPjYMqZ,The Guardians’ Ship,4.9,149.99,marvel
700,1639681781,9CoWg4AYA2kQaAe4AVyjpY,Attack on the Spider Lair,4.6,69.99,marvel
701,1639681781,9FzzDdhHUAkfabq3jA3SDz,Avengers Wrath of Loki,4.6,59.99,marvel
702,1639681781,nSjbDjYhESA7RtGyqX6Zdd,Carnage,4.4,59.99,marvel
703,1639681781,LYAi6SsebiP4SN62MqfBvA,Venom,3.9,59.99,marvel
704,1639681781,nYN8fMfG7junoqpZwwVjeT,Iron Man Hulkbuster versus A.I.M. Agent,4.3,39.99,marvel
705,1639681781,fcWnH7D6vzwyBYNhTkzScL,Iron Man: Iron Monger Mayhem,4.9,39.99,marvel
706,1639681781,4pj5ziFsmBx8JZXDPj3h2y,Spider-Man at the Sanctum Workshop,4.4,39.99,marvel
707,1639681781,fujrRm7JpSSFbSTkZJmSkw,Tony Stark’s Sakaarian Iron Man,4.8,34.99,marvel
708,1639681781,NQG2ekCqrDJuKjSNFGdFo7,Black Widow's Helicopter Chase,4.4,29.99,marvel
709,1639681781,FGLsVzaGKJ3rDCAuVGZp3Q,Bro Thor’s New Asgard,4.8,29.99,marvel
710,1639681781,CPzvCn8sc2yUHjHETnX4vp,Captain Carter & The Hydra Stomper,4,29.99,marvel
711,1639681781,GN6CsfB6kUpMNQSx8FPopt,Iron Man Armory,4.2,29.99,marvel
712,1639681781,T2PYdJZiZDG8XwHHTymP65,Spider-Man Headquarters,4.9,29.99,marvel
713,1639681781,aafADkw9nBdDnuD9TQVkTw,Super Heroes Lab,5,29.99,marvel
714,1639681781,XhFpJqcgdaZvFk3hXGU8xK,Spider-Man & Doctor Octopus Mech Battle,5,19.99,marvel
715,1639681781,YKJMV5UNbb9SgCQ3nzitNa,Spider-Man and Ghost Rider vs. Carnage,4.7,19.99,marvel
716,1639681781,hZpYGQBQU7MsuUSAfVaRin,Spider-Man vs. Mysterio’s Drone Attack,4.8,19.99,marvel
717,1639681781,C8e9VLkpJDFUTgAq9QL9Pu,Spider-Man’s Drone Duel,4.6,19.99,marvel
718,1639681781,nHPim5b9qakvjgPKcyfbZi,Spider-Man versus Venom and Iron Venom,4.8,14.99,marvel
719,1639681781,FvoruMiGkn9xKrDZVUUcF6,Captain America Mech Armor,4.5,9.99,marvel
720,1639681781,QzfqQMqLNqQ37pVqWRA7Xt,Miles Morales Mech Armor,4.2,9.99,marvel
721,1639681781,7UrRQES5eDD8CKLWdPz4sc,Spider-Man Mech,4.7,9.99,marvel
722,1639681781,CnvsHYSgq26cbCnWwRGBCP,Spider-Man and the Museum Break-In,4.7,14.99,marvel
723,1639681781,oWrBLtoGbnEr9TxrpdkUVE,Marvel Studios Iron Man,4.2,119.99,marvel
724,1639681781,kzAFiq6WzeLdbcTcjmxpWE,Avengers Helicarrier,4.6,119.99,marvel
725,1639681781,7TisvFzt4abPjvzEF8ZuHx,Avengers Tower Battle,4.6,89.99,marvel
726,1639681781,Ppan9iNwEXEv9XgWd56tGj,Venomosaurus Ambush,4.7,79.99,marvel
727,1639681781,EBjPes6uyiWskd3Hea9uRS,Iron Man Helmet,4.1,59.99,marvel
728,1639681781,K3DWTHuD2HsyXVnDMoQVCW,LEGO® Marvel The Avengers Advent Calendar,5,39.99,marvel
729,1639681781,9PHTL9DcrXtmqPDRdifrTB,Spider-Man's Monster Truck vs. Mysterio,4.9,39.99,marvel
730,1639681781,ULojgT6QCY6yM8RRzvPVZq,Venom Crawler,4.9,29.99,marvel
731,1639681781,DAcoDgxo8uvvLYNUcAXjBt,Iron Man vs. Thanos,,19.99,marvel
732,1639681781,fq53fTBGPpc48t6JsaZziD,Iron Man Mech,4.4,9.99,marvel
733,1639681781,32YzhFFdFtk3Erzd6oCJve,Spider-Man and Sandman Showdown,5,9.99,marvel
734,1639681781,T26yrwSENS2HSQwWKC8Uam,Thor Mech Armor,3.9,9.99,marvel
735,1639681781,XmADP6h7DkxzoXWiX5ga6q,LEGO® Minifigures Marvel Studios,4.2,4.99,marvel
736,1639681781,f7kbjRHPGYxykc5jTA4M3F,Marvel Studios – 6 Pack,3.9,29.94,marvel
737,1639681781,Xcn79tbq8jQLVrWvoFPfgL,Spider-Ham Key Chain,4,5.99,marvel
738,1639681781,NvG3cF5rFyXXvX3dYNMJBE,Spider-Man Key Chain,3.5,5.99,marvel
739,1639681781,aLLP4bdDxxoKMtBSEeaE6W,LEGO® Marvel Super Heroes Invincible Iron Man Key Chain,5,5.99,marvel
740,1639681781,noCYoQQ8UXmsf2n57q7AFp,Teen Groot™ Key Chain,,5.99,marvel
741,1639681782,fyFN7A2Fxmg9Je7wC2Xmig,Robot Inventor,3.5,359.99,mindstorms
742,1639681782,7ZSzWeZdhBCw9QuKxpmVaY,Transformer 10V DC,3,34.95,mindstorms
743,1639681782,UtedTReF8hLdTyw3ziW9di,EV3 Intelligent Brick,4.5,224.95,mindstorms
744,1639681783,28iC4bxuJxePambWaQQd3G,EV3 Rechargeable DC Battery,3.6,99.95,mindstorms
745,1639681783,BmTbjmc6MFnBtoGhfnvVTE,EV3 Color Sensor,3.7,,mindstorms
746,1639681783,cYvjtKYs4tSjKYrzRRYy82,EV3 Ultrasonic Sensor,3.5,,mindstorms
747,1639681783,mbbD4CVsgLGMPBp7kDgeRt,EV3 Cable Pack,,24.95,mindstorms
748,1639681830,SPkJ67e3rn6jqBTKwdRGjC,The Sky Tower,4.6,59.99,minecraft
749,1639681830,nE4r3bwDe3NT9GMuSNrozk,The Training Grounds,,69.99,minecraft
750,1639681830,9KtqGYeb9JGURhdtGoEq5s,The Rabbit Ranch,,29.99,minecraft
751,1639681830,6KncbgES9k48SnLtwkPVFy,The Guardian Battle,,24.99,minecraft
752,1639681830,5MkyYjHzpySTLxhEmRHocC,The Fox Lodge,,19.99,minecraft
753,1639681830,dDxY5tUte5CLYTK4EJw277,The Mushroom House,,19.99,minecraft
754,1639681830,LaNnpokubAcaLX87mPnUj7,The Creeper™ Ambush,,9.99,minecraft
755,1639681830,n7HuWHtuRJrRVB82PoVPmE,The Ruined Portal,4.9,29.99,minecraft
756,1639681830,TWwnB5M38MRRK5yZaVwrar,The Modern Treehouse,4.9,119.99,minecraft
757,1639681830,72JNWZ3GrP9r4YupsYUxPc,The Crafting Box 3.0,3.7,69.99,minecraft
758,1639681830,4DTb96c36CBP27kWJ922pu,The First Adventure,5,69.99,minecraft
759,1639681830,hVWPm6jFoMfPDxvSprcZMA,The Illager Raid,4.3,59.99,minecraft
760,1639681830,dyfwA2qvYpfQBwbHEZRP9V,The Pig House,4.5,49.99,minecraft
761,1639681830,5BCX8Q9pqhhNDvLuKk84yU,The Jungle Abomination,5,39.99,minecraft
762,1639681830,JaKJyQCBVa9PyoLojNNDsV,The Redstone Battle,4.9,39.99,minecraft
763,1639681830,42mHYk7VqyKJ3DEf6DYwmj,The Warped Forest,5,29.99,minecraft
764,1639681830,dJRxKgpQkKmhURXyFoTJHA,"The ""Abandoned"" Mine",4.9,19.99,minecraft
765,1639681830,hcbQmnfxkW5eusNepLbYEz,The Bee Farm,4.9,19.99,minecraft
766,1639681830,MXsir5DSVf3f2kh9WVaXKb,The End Battle,4,19.99,minecraft
767,1639681830,TMMGo8247aYs7B4SUv2SJp,The Horse Stable,4.7,19.99,minecraft
768,1639681830,EseHfdFYPKtZN6sFxPqaon,The Trading Post,4.8,19.99,minecraft
769,1639681830,QQNwSP7RwRzxPqsQFwh9hj,The Coral Reef,5,9.99,minecraft
770,1639681830,DM522FQy3vDJ2AZLJ7fnG3,The Taiga Adventure,4.6,9.99,minecraft
771,1639681830,nSYhXsP9gRqAav2uwHUs7P,The Pirate Ship Adventure,4.5,39.99,minecraft
772,1639681830,3kHx6dRQQarf7UAzs6dP59,The Creeper™ Mine,4.9,79.99,minecraft
773,1639681830,9oMGcwgkWqVZ65fc24KPex,The Blaze Bridge,4.2,29.99,minecraft
774,1639681830,8sHZPt6fgJX2Q3x6AjR76L,The Pillager Outpost,3.8,29.99,minecraft
775,1639681830,favGUArYWEkAp7uamb8Up4,The Panda Nursery,4.6,19.99,minecraft
776,1639681830,KhNQunyFxnVvBn6GkqthFi,The Wool Farm,3.9,19.99,minecraft
777,1639681876,9iERidobNYXF7erFhsTGQM,MF Set – Summer Celebration,5,12.99,minifigures
778,1639681876,bJxiN7ULsJYzxmJhf6JuMd,Police MF Accessory Set,3.7,12.99,minifigures
779,1639681876,NdNvUmJPerAVsWpxmBjX3Q,Hogwarts™ Students Acc. Set,3.9,14.99,minifigures
780,1639681876,fvHbZoH5FJQHnbK55trS42,Fairground MF Acc. Set,5,12.99,minifigures
781,1639681876,PwHS8EMkinX98DzY89or2H,LEGO® Star Wars™ Hoth™ AT-ST™,,49.99,minifigures
782,1639681876,XChw6JHWMdtEgbWorErvML,Series 22,,4.99,minifigures
783,1639681876,5fHXqHJMjLcagcyzgeUP67,French Bull Dog Guy Key Chain,,5.99,minifigures
784,1639681876,nFzc73spm57aErTb76DyGi,Spider-Man and the Museum Break-In,4.7,14.99,minifigures
785,1639681876,9hjmGtAJPika27KWm8gXAr,LEGO® Minifigures Marvel Studios,4.2,4.99,minifigures
786,1639681876,RYWdxFTiaaGM7zSN57g3W3,Series 20,3,4.99,minifigures
787,1639681876,UZrYcddJ7RmmF7G9w2K4r3,Series 21,3.5,4.99,minifigures
788,1639681876,L6F7dV6JHBEJjgq5tQyduR,Marvel Studios – 6 Pack,3.9,29.94,minifigures
789,1639681876,GrHtspeQDxcquNCcN8aF7t,Golden Zane MF Acc. Set,5,12.99,minifigures
790,1639681876,C4iAacwyEVSKzRidWpRD7s,Minions Kung Fu Training​,5,14.99,minifigures
791,1639681876,3ePnUEHptjy8dvwQTiSYVe,Wizarding World Minifigure Accessory Set,,14.99,minifigures
792,1639681876,BtZGmqKcdetGDxoizyuwN5,Looney Tunes™,3.7,4.99,minifigures
793,1639681876,8DuLz9thPyFUA36UFGiWee,LEGO® Minifigure Display Case 16 – Red,3.6,29.99,minifigures
794,1639681876,auDguYGe6CEqo2qZUu24E7,"Minifigure Faces 1,000-Piece Puzzle",,17.99,minifigures
795,1639681876,6A6L4GqrvkUwpmPn2uqvYj,LEGO® Minifigure Notes: 20 Notecards and Envelopes,,15.99,minifigures
796,1639681876,VC2U7mLojGu9LqzCQEvXx2,Small Parts: The Secret Life of Minifigures,,15.99,minifigures
797,1639681876,jo8XiYrXZeygLLhz5M79R5,LEGO® Minifigure Display Case 16,4.8,29.99,minifigures
798,1639681876,35iBbxUgDyGw2ARcea9muj,LEGO® Minifigure Display Case 16 – Blue,5,29.99,minifigures
799,1639681876,EVuFuqkccJSPrm7DZopwwb,Display Case 8 – Black,,16.99,minifigures
800,1639681878,5GMMbTQDjdU2qtokWFQyLX,"Belle Bottom, Kevin and Bob",5,19.99,minions
801,1639681878,m6dE6KBn3n7bynvexYD9Jj,"Gru, Stuart and Otto",4,19.99,minions
802,1639681878,7DLRECWBGhgutMccDxNgD9,Bob Minion with Robot Arms,,4.99,minions
803,1639681878,W5S63E4Rt5A7ymbH4FTFzR,Brick-built Minions and their Lair,3.8,49.99,minions
804,1639681878,G4fPyvkEQAQ5WAupcV6vN4,Minions Kung Fu Battle,4.8,39.99,minions
805,1639681878,epsRQMF64Zk4V25K8oiCMr,Minion Pilot in Training,5,29.99,minions
806,1639681878,XfRxL5gBNyhyYBUctDJG39,Minions in Gru's Lab,4.4,19.99,minions
807,1639681878,dJ7tQbLbpmK9t8z6TXL4Sa,Unstoppable Bike Chase,4.8,19.99,minions
808,1639681878,DhE7K8f7B2aYBdKmKLerAS,Minions Kung Fu Trainingâ,5,14.99,minions
809,1639681878,HAxafEspfBSRYCHgf9brue,Otto Key Chain,,5.99,minions
810,1639681878,j9xWyzDbwGasGJ2fqqhhAi,Stuart Key Chain,,5.99,minions
811,1639681924,Q2SqfNe8yt93Wmyh23W6JW,Monkie Kid's RC Race,,12.99,monkie-kid
812,1639681924,BjFaqNZqyUv7YWVbvpGHQt,Monkey King,4.7,9.99,monkie-kid
813,1639681924,FNqAEFfbR4o5uQRR7HjHTu,Sandy's Power Loader Mech,,54.99,monkie-kid
814,1639681924,BHgHTBvJRLYHb5sUaYAxpd,The City of Lanterns,,149.99,monkie-kid
815,1639681924,PexWV9nQnquGhhtEdMSYej,Monkie Kid's Galactic Explorer,,129.99,monkie-kid
816,1639681924,4WcenNUsEq4nFSMXig9ZYF,Nezha’s Fire Ring,,99.99,monkie-kid
817,1639681924,n54GZ3QgvdAwP52YaQAxV4,Evil Macaque’s Mech,,79.99,monkie-kid
818,1639681924,kTNzPkvNjr3By9nijVRACC,Chang’e Moon Cake Factory,,69.99,monkie-kid
819,1639681924,GjcuWGvV57uE7DStR8oJ2b,Mei’s Dragon Car,,49.99,monkie-kid
820,1639681924,C4ZNzjyTNkCDAZtks6fxrE,Monkie Kid’s Staff Creations,,34.99,monkie-kid
821,1639681924,gJJA6dhSCSQsZ8h2LTpnHX,Monkie Kid’s Team Secret HQ,4.6,169.99,monkie-kid
822,1639681924,kzPwnH9YQTFYGfMbQN8JCD,Monkey King Warrior Mech,4.6,149.99,monkie-kid
823,1639681924,MhQASFjHiVkBYNg9ZggfKK,Red Son’s Inferno Truck,5,119.99,monkie-kid
824,1639681924,oPWcDrPzSpJcXmEKTYcpg6,Monkie Kid’s Cloud Jet,4.5,59.99,monkie-kid
825,1639681924,5QwkGy856phvXvkH2rq8wx,Iron Bull Tank,4.5,49.99,monkie-kid
826,1639681924,WfpSZvQWpYmvPXdKpivCBo,White Dragon Horse Bike,4.6,34.99,monkie-kid
827,1639681924,hFzvx8YywS8FPoT2Q5ja4o,The Legendary Flower Fruit Mountain,5,169.99,monkie-kid
828,1639681924,LsknDvUQhkaUr8bs94RDEw,Monkie Kid's Team Dronecopter,5,149.99,monkie-kid
829,1639681924,WnJsqFpAF9yVuk6bJn4FJC,The Flaming Foundry,3.5,139.99,monkie-kid
830,1639681924,dDfr2svDJVMrXTo5sdc7be,Spider Queen’s Arachnoid Base,4.8,119.99,monkie-kid
831,1639681924,dfwxXDYfoCCqzmQZUNg8xf,The Bone Demon,5,119.99,monkie-kid
832,1639681924,WsbVXBBGFdoAAN547h9Gdd,Monkie Kid's Lion Guardian,4.8,79.99,monkie-kid
833,1639681924,S7PwBmqXoe2w3nfkrDiBTP,Monkie Kid's Cloud Roadster,3.7,69.99,monkie-kid
834,1639681924,dh7ZDEJDm9wVmX8iGUMr3Y,Pigsy’s Noodle Tank,4.7,59.99,monkie-kid
835,1639681924,oJRPiGkDwZNoA884doUpBY,Sandy's Speedboat,3.5,59.99,monkie-kid
836,1639681924,PHYtQzUicC2J4ZpfXNNCFe,White Dragon Horse Jet,4.7,49.99,monkie-kid
837,1639681924,j6gXhKcEkxVEQSptDMPwUX,Red Son's Inferno Jet,4,34.99,monkie-kid
838,1639681924,dNHjjw6TDci3qi9VUPEbN8,Monkie Kid’s Cloud Bike,4.7,24.99,monkie-kid
839,1639681924,6mZUJENecsVtiUbmHZNGVU,Demon Bull King,4.8,89.99,monkie-kid
840,1639681924,kaYu9HgXJeSRsURR9pPCo7,Pigsy’s Food Truck,5,69.99,monkie-kid
841,1639681924,d86G6eiuN8mN3QbsAetygb,Monkie Kid Key Chain,,5.99,monkie-kid
842,1639681924,UcHVDyCeckyYs3iasLbCfF,Red Son Key Chain,,5.99,monkie-kid
843,1639681979,cGGGD3nYswWrJBAPaQLoQm,Lord Garmadon's Mega Weapon,,19.99,ninjago
844,1639681979,WmDUMwQEHjABkq5J5geYF2,Ninja Dojo Temple,,99.99,ninjago
845,1639681979,GVuL37NkGw4xEJnKCzUNne,Ninja Ultra Combo Mech,,89.99,ninjago
846,1639681979,6SY5yJrbEoSK6LrB9tgGqW,Lloyd’s Legendary Dragon,,69.99,ninjago
847,1639681979,GrPE8uJiShtVLzQUdTcL4g,Jay and Nya's Race Car EVO,,49.99,ninjago
848,1639681979,nT4GeXD26nZLuFWmKg3ze3,Kai’s Fire Dragon EVO,,29.99,ninjago
849,1639681979,QJW77Fi3SKGGcxDnQsxsnN,Lloyd’s Race Car EVO,,29.99,ninjago
850,1639681979,c7QXeDi5zFnNN8EaraeV9H,Jay’s Thunder Dragon EVO,,19.99,ninjago
851,1639681979,2UemrRjWbb5R22N235852N,Lloyd's Ninja Mech,,9.99,ninjago
852,1639681979,mUHD7rdXvvwiwDigPCgEKZ,Zane’s Power Up Mech EVO,,9.99,ninjago
853,1639681979,Amb4VfRxTnCZ3ZTUsSorHi,Character Encyclopedia,,19.99,ninjago
854,1639681979,CyUTnUPh7hdKjpKuttnwNQ,LEGO® NINJAGO® Visual Dictionary New Edition,,21.99,ninjago
855,1639681979,ijc6VzMfo4gDm24hXPdQdD,LEGO® NINJAGO® Choose Your Ninja Mission,,19.99,ninjago
856,1639681979,SWAKPeBTj8TTpssVTvLh6x,Jay Key Chain,,5.99,ninjago
857,1639681979,KQhCkv3GmaHhMUAzDznooF,Lloyd Key Chain,,5.99,ninjago
858,1639681979,MrPA8VUJroT63io4tYt2nQ,NINJAGO® City Gardens,4.7,299.99,ninjago
859,1639681979,5VrmbLS5S6Xt8typ7EKWXV,Hydro Bounty,4.7,129.99,ninjago
860,1639681979,2L3hdZAftdfJ8dq4txLBZp,Temple of the Endless Sea,5,99.99,ninjago
861,1639681979,Y8xy6uwXi6qSkt4DxMZKfh,Skull Sorcerer's Dragon,4.3,79.99,ninjago
862,1639681979,m6tjyaZMWBKq7cQcDSWXjb,Ultra Sonic Raider,4.7,79.99,ninjago
863,1639681979,WEWQArQhwG3T7TcX9BEdeT,Catamaran Sea Battle,4.7,69.99,ninjago
864,1639681979,XAMJjXEw9NpihBoZPPgqxu,Water Dragon,4.9,69.99,ninjago
865,1639681979,funFC9w4C5MHRFMJM5c9Kw,Zane's Titan Mech Battle,4.3,59.99,ninjago
866,1639681979,KnULPghohjscmsbWafGDAi,Fire Dragon Attack,4.6,49.99,ninjago
867,1639681979,BbHrn9RFQvxy8FkdABP48h,The Keepers' Village,4.9,49.99,ninjago
868,1639681979,bXBXAJuNkL53S4DRCrjchn,X-1 Ninja Charger,4.5,49.99,ninjago
869,1639681979,8VFvAobJsh8FdaJDVAeKYk,Boulder Blaster,4.8,39.99,ninjago
870,1639681979,9FP8hD75ZfWKyDVjg4FdyP,Final Flight of Destiny's Bounty,4.7,39.99,ninjago
871,1639681979,jgNtpT2xbLbxSVXRXtUJ4v,Jungle Dragon,4.4,39.99,ninjago
872,1639681979,68zgC8ABJZSa4p7SH4EYCZ,Ninja Sub Speeder,4.7,39.99,ninjago
873,1639681979,Jywn83e599uwU5Gk6kX7nh,Overlord Dragon,4.9,29.99,ninjago
874,1639681979,cmaxmThMGjhmaSwLB9mMDZ,Tournament of Elements,4.9,29.99,ninjago
875,1639681979,aAc5RgFhGk9Tn6pEh9zEd3,Jay's Electro Mech,3.6,19.99,ninjago
876,1639681979,dKLHX5c7bDRdNKeGUb3KAA,Lloyd's Hydro Mech,4.8,19.99,ninjago
877,1639681979,T4uXABPrKLFcJvPPFySLxz,Lloyd's Jungle Chopper Bike,4.6,19.99,ninjago
878,1639681979,2SesbvYeK9jjtm5gyNf7qe,Jungle Raider,4.8,9.99,ninjago
879,1639681979,XY9sxS6buRnTzf9oBhQQyG,Kai's Blade Cycle,5,9.99,ninjago
880,1639681979,5SBSeNSiCFZyC7ZcnTZuY3,Destiny's Bounty,4.9,129.99,ninjago
881,1639681979,PBsD2aECjYxWVJyPMpPNE2,Skull Sorcerer's Dungeons,4.8,99.99,ninjago
882,1639681979,FpU9aWvdcQeWUGQaNvBWkM,Empire Temple of Madness,3.9,79.99,ninjago
883,1639681979,ecAsVHpedrqKciBzEdd5v5,Fire Stone Mech,4.8,69.99,ninjago
884,1639681979,NHutzEkhgNMKeGhEqXibh8,Jay's Cyber Dragon,4.7,49.99,ninjago
885,1639681979,RHcNn6xggLJpkxkhjrg5Hs,Zane's Mino Creature,4.9,49.99,ninjago
886,1639681979,D8MqPdk7W3TP5gFZdaSc9X,Kai Fighter,4.8,39.99,ninjago
887,1639681979,mwYTTHDekPaeyL9GYTLidZ,Ninja Tuner Car,3.5,39.99,ninjago
888,1639681979,Q6BrbNWvfyXpzhiNfRJQ23,Jay and Lloyd's Velocity Racers,4.8,29.99,ninjago
889,1639681979,fTWKbJ4Cn7roGWwyQeWga9,Journey to the Skull Dungeons,4.8,29.99,ninjago
890,1639681979,fibRVhuigkHKbKEYCfgEuG,NINJAGO® 10,5,29.99,ninjago
891,1639681979,FCB5fnFEnduzT29LSdLPVN,Storm Fighter Battle,4.4,29.99,ninjago
892,1639681979,4tXS2k9DQeyvTLKbfoStdv,Kai's Fire Dragon,2.5,19.99,ninjago
893,1639681979,hLZoHfWJjr4XXDFhzdgCmZ,Wu's Battle Dragon,4.6,19.99,ninjago
894,1639681979,8kUJF9vVvHKFCyGMYyT7Q5,Cole's Speeder Car,4.8,9.99,ninjago
895,1639681979,UqrFSkUKmy7d4qcz3QwvZE,Epic Battle Set - Cole vs. Ghost Warrior,5,9.99,ninjago
896,1639681979,c5fM5rqMBWZFJdoyMJdd3i,Epic Battle Set - Jay vs. Serpentine,5,9.99,ninjago
897,1639681979,ajNEDHXeUPKbDANJD5oDSS,Epic Battle Set - Kai vs. Skulkin,4.3,9.99,ninjago
898,1639681979,RRpkme7GUjS2v7jjEodBUU,Epic Battle Set - Zane vs. Nindroid,4.5,9.99,ninjago
899,1639681979,GoyL3kY3Dtnhd9q82Y4sfC,Spinjitzu Burst - Cole,3.8,9.99,ninjago
900,1639681979,QjWMUuw2jjxyf2emnJEnvu,Spinjitzu Burst - Kai,5,9.99,ninjago
901,1639681979,NCsWJt5tSGgHpe4NGghSVw,Spinjitzu Burst - Lloyd,5,9.99,ninjago
902,1639681979,VM2EapiuS8c7TdpWiKWp9e,Golden Zane MF Acc. Set,5,12.99,ninjago
903,1639681981,84XGtRpUky3s5wM7X4cPof,Transformer 10V DC,3,34.95,power-functions
904,1639682032,XMqMXk7NENHSPSbZyymfto,Medium Angular Motor,,39.99,powered-up
905,1639682032,XutCRRsXPEzTqcfDZp9STm,Technic™ Hub,2.3,89.99,powered-up
906,1639682032,L4Q3FwYLt5MjtREAypn54n,Move Hub,3.2,79.99,powered-up
907,1639682032,FurbsktpDtPFXgRRgKT466,Technic™ Large Motor,3,39.99,powered-up
908,1639682032,YgAEhRgEtaGweAV6BdvNPb,Technic™ XL Motor,5,39.99,powered-up
909,1639682032,LRxTPHk6qsfr2eUkykMWPx,Remote Control,2.3,22.99,powered-up
910,1639682032,LMe7H7szYeGhGTVKj7kdbp,Color & Distance Sensor,3.8,13.99,powered-up
911,1639682032,6tE3iJAmaRVTXgiR4x7TZb,Train Motor,4.2,13.99,powered-up
912,1639682032,kCieVzL7BuVyDW5VdZCTGN,Light,3.8,9.99,powered-up
913,1639682032,MdxfzziYAmZCxVetc5ggY4,Passenger Train,4.1,159.99,powered-up
914,1639682032,Ga9si33ncooukenc5YL9XZ,Haunted House,4.3,249.99,powered-up
915,1639682032,LSDMenzQDdSxXKrL3Q9HxT,Grand Piano,4.4,349.99,powered-up
916,1639682032,MNHdbwkBnj3yJa6gDYsoW5,Cargo Train,4.3,229.99,powered-up
917,1639682032,VAfNvvbyvPj7PAQH4ETKFy,BOOST Creative Toolbox,3.5,159.99,powered-up
918,1639682032,nhaP5PZmf7L7h7xCvuTSeJ,Hub,2.5,49.99,powered-up
919,1639682032,hF3joQyGq8zHaZJsq2sQpQ,Medium Linear Motor,2.8,16.99,powered-up
920,1639682032,JhTUknmn49jtgdpguUXNoa,Disney Train and Station,4.2,329.99,powered-up
921,1639682032,iNMAxA9LTdKecHcE8CdRAR,Liebherr R 9800 Excavator,4.4,449.99,powered-up
922,1639682032,9xnfFUeoXeDF2Ubbv8Tqea,4X4 X-treme Off-Roader,4,249.99,powered-up
923,1639682032,iPVZybX45gxL9d2JgyHHFw,App-Controlled Top Gear Rally Car,3.4,129.99,powered-up
924,1639682032,MxWQDf42fX8ZQqjo6omTKp,Simple Medium Linear Motor,4,14.95,powered-up
925,1639682034,KtD8Vk7mJtDcptR65N7Dkd,Identity and Landscape Kit,4,789.99,serious-play
926,1639682034,dpfUUQGfvWVXkGKk5fBrTK,Connections Kit,3.4,754.99,serious-play
927,1639682034,S2KgXumDKfdPjno4KZ2m8q,Window Exploration Bag,5,484.99,serious-play
928,1639682034,CEVCstKr5fnXCBaXMBsM7p,Starter Kit,4.1,36.99,serious-play
929,1639682035,QtXcrZnj6F2ftqURJG9gr4,Mopar Dodge//SRT Top Fuel Dragster and 1970 Dodge Challenger T/A,4.8,49.99,speed-champions
930,1639682035,c5NBAK7uENzSQ8mGBLNT7C,Chevrolet Corvette C8.R Race Car and 1968 Chevrolet Corvette,4.8,29.99,speed-champions
931,1639682035,7wCZ6XV3Mc7c5EyWdowAEb,Koenigsegg Jesko,5,19.99,speed-champions
932,1639682035,J5M362rbcWD3AFgg9rnfZd,Toyota GR Supra,5,19.99,speed-champions
933,1639682035,aUryY6fzQSHKwYadMysshx,Ford GT Heritage Edition and Bronco R,4.8,49.99,speed-champions
934,1639682035,oNuvgnButEmuYU7T8NSPCT,Formula E Panasonic Jaguar Racing GEN2 car & Jaguar I-PACE eTROPHY,4.3,29.99,speed-champions
935,1639682035,SWdjBYCobJgPtrJPu2zTLJ,McLaren Elva,4.7,19.99,speed-champions
936,1639682035,7XSbDzZTnwVdEFP4YNrHAR,Nissan GT-R NISMO,4.6,19.99,speed-champions
937,1639682035,7vWhXzJXPAq2k5HJLe9JbH,Lamborghini Urus ST-X & Lamborghini HuracÃ¡n Super Trofeo EVO,4.1,49.99,speed-champions
938,1639682035,nPHrMen4CbDopou3GjkX23,Ferrari F8 Tributo,4.4,19.99,speed-champions
939,1639682035,GdLB7LjYG4xeoZMLmiXgKJ,1974 Porsche 911 Turbo 3.0,4.6,14.99,speed-champions
940,1639682035,XGbQUW3i8Mi4PcBdhcpNZ5,Ferrari F40 Competizione,4.8,14.99,speed-champions
941,1639682035,V5mVf2yvv5ZdEtntRPr3az,1985 Audi Sport quattro S1,4.5,19.99,speed-champions
942,1639682082,QERSLgwJFy2GNkuNYTZtA8,Spider-Man Webquarters Hangout,,49.99,lego-spider-man
943,1639682082,D39FqVC3GKgBJ2x6MpzeKi,Spider-Man at Doc Ock’s Lab,,29.99,lego-spider-man
944,1639682082,fvwfSaSxzMFgMiPsCYExiK,Hulk vs. Rhino Truck Showdown,,19.99,lego-spider-man
945,1639682082,8uU3F5P2zFiGxYWH9yRQQk,Miles Morales: Spider-Man’s Techno Trike,,9.99,lego-spider-man
946,1639682082,8AjfsDiwPqFUeir6Xo5yow,Carnage Key Chain,,5.99,lego-spider-man
947,1639682082,BMQCmvw9ykEKa3zjSedJus,Miles Morales Key Chain,,5.99,lego-spider-man
948,1639682082,URoBN4x45sKdmKj9bZUMcz,Daily Bugle,4.5,299.99,lego-spider-man
949,1639682082,47DxwfM2XTtBotMSeCYKa6,Attack on the Spider Lair,4.6,69.99,lego-spider-man
950,1639682082,GrDbQx2zaSxZcytpthnyPH,Carnage,4.4,59.99,lego-spider-man
951,1639682082,2KctDHb78gw7ZgiR9kb8gh,Venom,3.9,59.99,lego-spider-man
952,1639682082,38kRJeR9HJUvQaUjNt6tjV,Spider-Man at the Sanctum Workshop,4.4,39.99,lego-spider-man
953,1639682082,BcFrXvMYJswwpcoygfjkvK,Spider-Man Headquarters,4.9,29.99,lego-spider-man
954,1639682082,Kfd7zu5cszP6Y6Vh4abF8R,Spider-Man & Doctor Octopus Mech Battle,5,19.99,lego-spider-man
955,1639682082,4VVHpFifLqHxmz7VBMeCJm,Spider-Man and Ghost Rider vs. Carnage,4.7,19.99,lego-spider-man
956,1639682082,4CRsXi8kg3tyt577VmuBwo,Spider-Man vs. Mysterio’s Drone Attack,4.8,19.99,lego-spider-man
957,1639682082,ZG28FCKNS4N6VnY7LmCGWY,Spider-Man’s Drone Duel,4.6,19.99,lego-spider-man
958,1639682082,2GUS7xo36xEKGYcUDZNWy4,Spider-Man versus Venom and Iron Venom,4.8,14.99,lego-spider-man
959,1639682082,ZsBsbriLLUoaTTJYgZUuzF,Miles Morales Mech Armor,4.2,9.99,lego-spider-man
960,1639682082,o4fuTYzttqYjNF7peLnbfu,Spider-Man Mech,4.7,9.99,lego-spider-man
961,1639682082,Cd3zan5dDhkk2xjHb7CZ5n,Spider-Man and the Museum Break-In,4.7,14.99,lego-spider-man
962,1639682082,HufzGhyPfhX7jmkxRcVVMt,Venomosaurus Ambush,4.7,79.99,lego-spider-man
963,1639682082,L7gzkvpX5bX83EDrQ7GD2p,Spider-Man's Monster Truck vs. Mysterio,4.9,39.99,lego-spider-man
964,1639682082,hRSbsbXb9UgoyQCqWg43UQ,Venom Crawler,4.9,29.99,lego-spider-man
965,1639682082,3Nt6ZPmGYgJFJwAqKjS4eW,Spider-Man and Sandman Showdown,5,9.99,lego-spider-man
966,1639682082,5scTVYsvCkuBcyFhpCaCV7,Spider-Ham Key Chain,4,5.99,lego-spider-man
967,1639682082,mh6tV7Qb4enJRj3F7wYAbY,Spider-Man Key Chain,3.5,5.99,lego-spider-man
968,1639682159,4vaGqXTdQq6iFRxNpTG9iL,AT-AT™,4.8,799.99,star-wars
969,1639682159,mCwAh4fUdTCtzxJXgSFnDx,The Bad Batch™ Attack Shuttle,4.2,99.99,star-wars
970,1639682159,BMxETGY7kduoC7HActKB5y,Darth Vader™ Helmet,4.6,69.99,star-wars
971,1639682159,Q8Ys959GtBAj5JY8xeS7hQ,Darth Vader™ Meditation Chamber,4.1,69.99,star-wars
972,1639682159,4Rrcb77mEmbF69sJF9G3i6,Imperial Shuttle™,3.9,69.99,star-wars
973,1639682159,jANEcgu4zkXvoF3PqYJj4r,Imperial Probe Droid™,3.6,59.99,star-wars
974,1639682159,JSiHMMqWaZPMUgv7tn2vwU,Scout Trooper™ Helmet,4.6,49.99,star-wars
975,1639682159,Moh3rjBv3JcHSNhmb9HGBr,Imperial Armored Marauder,4.4,39.99,star-wars
976,1639682159,WWCTjA4yLdnh4x2bMda9rf,Imperial TIE Fighter™,4.8,39.99,star-wars
977,1639682159,3DV6Qb2qTo4dZUqbJieu7V,The Armorer’s Mandalorian™ Forge,5,29.99,star-wars
978,1639682159,j2z6ZAteui6aajHxZrzPeJ,Trouble on Tatooine™,4.6,29.99,star-wars
979,1639682159,huobCMR3hbUYfy2SrNAgxj,AT-AT™ vs. Tauntaun™ Microfighters,4.8,19.99,star-wars
980,1639682159,ksSosg6ZLLtH5BgYF7rnyP,Duel on Mandalore™,3.7,19.99,star-wars
981,1639682159,ZMbzfBno5mwYwndqRPiXs2,The Mandalorian™ & the Child,4.8,19.99,star-wars
982,1639682159,kKewvQESU2Jkb9TXrvPvi6,Yoda™ Plush,2.7,19.99,star-wars
983,1639682159,2WyszuBURk2tJqcu9LGLnJ,LEGO® Star Wars™ Hoth™ AT-ST™,,49.99,star-wars
984,1639682159,EH5a6qnuQ2U5sV6ZrMrKX9,Snowtrooper™ Battle Pack,,19.99,star-wars
985,1639682159,gK5qRc3yTVmGUivkG9Fm7x,Clone Trooper™ Command Station,,14.99,star-wars
986,1639682159,d9bV4hr8jvsuE6c3XWu6Cc,Defence of Hoth™,,14.99,star-wars
987,1639682159,Q2cfvZ6CDx69puoYayEjh9,Ahsoka Tano™,,9.99,star-wars
988,1639682159,5gfyyLZqjuoZF2YqVRjzrC,The Razor Crest™ Microfighter,,9.99,star-wars
989,1639682159,MfeSFC2J5rh9GHiAfuuAZK,Grogu Bag Tag,,6.99,star-wars
990,1639682159,c7zxhrjDYhWMSXXHZDQTbJ,LEGO® Star Wars™ Choose Your Path,,19.99,star-wars
991,1639682159,R6wfvVDLhWLMwzyAU2iXH3,LEGO® Star Wars™ Chewbacca™ Key Chain,4.3,5.99,star-wars
992,1639682159,XfUpyNv8oAA9QPYqHyds5S,LEGO® Star Wars™ R2-D2™ Key Chain,4,5.99,star-wars
993,1639682159,NWYpHVETfNCMaS6G6Vk8NB,LEGO® Star Wars™ Yoda™ Key Chain,5,5.99,star-wars
994,1639682159,8rU9SwhUzfYGpkLtoDCxtY,Stormtrooper™ Key Chain,4.2,5.99,star-wars
995,1639682159,ND6tkrxdxhtW9SxGFxqsQa,The Mandalorian™ Key Chain,4,5.99,star-wars
996,1639682159,BSwL2BkDNxAfGepqSVVWsg,Ahsoka Tano™ Key Chain,,5.99,star-wars
997,1639682159,juD6oe9W7JiCWqbUuCwMdN,Grogu™ Key Chain,,5.99,star-wars
998,1639682159,ebqjUGFSxLWuSiKkf4u77S,Republic Gunship™,3.8,349.99,star-wars
999,1639682159,aGVLwEkxja6psTNUQP6rEE,Imperial Star Destroyer™,4,699.99,star-wars
1000,1639682159,NNt3YotiEAmDAnGGv5JGeL,Mos Eisley Cantina™,4.8,349.99,star-wars
1001,1639682159,8gYJNRi6cFv6S62jhHTJyy,R2-D2™,4.3,199.99,star-wars
1002,1639682159,fUAsn628XvVwKZB4z5phze,Millennium Falcon™,4.6,799.99,star-wars
1003,1639682159,4v3Hxv5jiEfVQgDoS7GWPP,AT-AT™,4.3,159.99,star-wars
1004,1639682159,HVe2rJTafHpjJ5VetPFxzP,Imperial Light Cruiser™,4.5,159.99,star-wars
1005,1639682159,DbAW848kDohhU3gKscJuS8,Millennium Falcon™,4.6,159.99,star-wars
1006,1639682159,H3LtesdcTkyWVuPBsv8oyg,The Razor Crest,4.7,129.99,star-wars
1007,1639682159,A8v55fLjsADLCgFQGq6B7K,Star Wars™ The Sith™,4.4,119.99,star-wars
1008,1639682159,4rhFcZhbvsa9Nk6TiLiNhD,Death Star™ Final Duel,4.6,99.99,star-wars
1009,1639682159,dQPzvuQuRvs2xh2eouMRYC,Yoda™,4.4,99.99,star-wars
1010,1639682159,STyYA4YHfydkhrZBNMFw7E,The Child,4.7,79.99,star-wars
1011,1639682159,kyFoqnmMbgN7e2w6jtRSCY,Boba Fett™ Helmet,4.7,59.99,star-wars
1012,1639682159,X6iBVUfY5YRiE47bkuH5Zo,Mandalorian Starfighter™,4.6,59.99,star-wars
1013,1639682160,nUPoxxNdWaV4S94kdTTubM,Stormtrooper™ Helmet,4.6,59.99,star-wars
1014,1639682160,Whicg5JcTMqvtKVwybtMog,TIE Fighter Pilot™ Helmet,4.7,59.99,star-wars
1015,1639682160,EsdKdFSEXALWVFnMMfhmGy,AT-ST™ Raider from The Mandalorian,4.4,49.99,star-wars
1016,1639682160,nD3Qr8vMhSvZ3RQzMcVejD,Boba Fett’s Starship™,4.2,49.99,star-wars
1017,1639682160,ZZWosFZjVsFzDSFLUmHLSd,Luke Skywalker’s X-Wing Fighter™,4.4,49.99,star-wars
1018,1639682160,BQ23DT5YLt2sHYNy7xkg8C,Armored Assault Tank (AAT™),4.2,39.99,star-wars
1019,1639682160,WQwo8EVu6wezfugd5SiQTj,501st Legion™ Clone Troopers,4.7,29.99,star-wars
1020,1639682160,9L8m4uhuZoseqmGGwrwoJD,Luke Skywalker's Landspeeder™,4.4,29.99,star-wars
1021,1639682160,Ek36YBkZsb9SY8Wd8KH4Yv,Resistance X-Wing™,3.9,19.99,star-wars
1022,1639682160,KyA7R3xWH53dc6qX4VZi4x,Mandalorian™ Battle Pack,4.7,14.99,star-wars
1023,1639682160,aWqb2C8ubAWD5Lg9rduk5G,Millennium Falcon™ Microfighter,4.5,9.99,star-wars
1024,1639682160,Hkk5zxSbWmAqdybcgDcVY6,First Order Stormtrooper™,5,16.99,star-wars
1025,1639682160,2L8rvJ9cMpeRjYXr4TxHgP,A-wing Starfighter™,4.4,199.99,star-wars
1026,1639682160,aGFtz2FRbhxsA6HqNJbr8L,Darth Vader's Castle,4.6,129.99,star-wars
1027,1639682160,ZZyyK4p8AxKDuzUgDaoBot,Kylo Ren's Shuttle™,4.5,129.99,star-wars
1028,1639682160,ToqbZ2FSSdZhAKfrvgisuQ,Resistance I-TS Transport,4.7,99.99,star-wars
1029,1639682160,KWDT4f6f55DCAFLoW9FbEX,Poe Dameron's X-wing Fighter™,4.5,89.99,star-wars
1030,1639682160,fk9RvDiaoZJEiM5oK7bEqA,General Grievous's Starfighter™,2.6,79.99,star-wars
1031,1639682160,m9W75ofUQcvATqUQxwd3EG,Sith TIE Fighter™,3.4,79.99,star-wars
1032,1639682160,DcdFEgbXQYRAS9KXNQcysj,D-O™,4.4,69.99,star-wars
1033,1639682160,8jykBnUwo3qKiLCpgJpumP,Knights of Ren™ Transport Ship,3.9,69.99,star-wars
1034,1639682160,CFHZF77bn7UNNBifU4BwQC,Resistance Y-Wing Starfighter™,4.7,69.99,star-wars
1035,1639682160,3qFtayHUeZMTL5GZdfridd,LEGO Star Wars Advent Calendar 2021,3.9,39.99,star-wars
1036,1639682160,6QkqjdRMCCtfoPYzRJyU8C,Action Battle Hoth™ Generator Attack,3.4,,star-wars
1037,1639682160,6Jt6EnA6jTDaDFnEZGndwR,Anakin's Jedi™ Interceptor,4,29.99,star-wars
1038,1639682160,nKXnnoJC4g8G5nDfStVQ6T,Obi-Wan's Hut,4.4,29.99,star-wars
1039,1639682160,6r4NNhrh7zF9n3jZxE43mU,Resistance A-Wing Starfighter™,4.6,29.99,star-wars
1040,1639682160,m27BtLHEmeUUh8SVYQzRKe,Chewbacca™ Plush,,19.99,star-wars
1041,1639682160,b8butpMnXdtZP37gjBpPLR,Death Star Cannon,4.2,19.99,star-wars
1042,1639682160,UvHoz7f7GySWyfXHSPazb5,Duel on Mustafar™,4.5,19.99,star-wars
1043,1639682160,hbJMux5BzzGxuMUFYuVwcX,Snowspeeder™,4,19.99,star-wars
1044,1639682160,n5sNdCxnUKtYNcGChUezZx,The Child Plush,5,19.99,star-wars
1045,1639682160,ZbDNot5XpS4qdrBnzYpR79,Sith Troopers™ Battle Pack,4.1,14.99,star-wars
1046,1639682160,BqDWDUGBbFtF7unmvFUwnK,LEGO® Star Wars™ Darth Vader Key Chain,5,5.99,star-wars
1047,1639682160,7JQoWSFgFmLENa3Zm7F8DD,LEGO® Star Wars™ Character Encyclopedia New Edition,,19.99,star-wars
1048,1639682160,BNr5AWy9koCnGVfmJfyoHk,Grogu™ Key Light,,13.99,star-wars
1049,1639682160,5qqGdNsSSwVMKQggAGx8Ph,Darth Vader™ Bag Tag,,5.99,star-wars
1050,1639682160,3NyaHkiUQDrum6iRqYkWZt,Stormtrooper™ Bag Tag,,5.99,star-wars
1051,1639682160,K4a5qjCAN3gLZF3MU7N8Ze,LEGO® Star Wars™ Visual Dictionary – New Edition,,21.99,star-wars
1052,1639682160,RQfnZ2WYPgewrHhLrek7xN,LEGO® Star Wars™ Yoda's Galaxy Atlas,,16.99,star-wars
1053,1639682160,T86n7zBkYNMppcoHextyqs,Boba Fett™ Bag Tag,5,5.99,star-wars
1054,1639682160,nbF47jqaoqacj7Za9FfGR6,Holiday Bag Tag – Darth Vader™,5,5.99,star-wars
1055,1639682160,dMZcPNHBKu9PzU8TUPfqu2,Holiday Bag Tag – R2-D2™,5,5.99,star-wars
1056,1639682160,STEeaPC5mN3CRaZsxwGgUh,Holiday Bag Tag – Stormtrooper™,5,5.99,star-wars
1057,1639682160,4SYou8LL9GFaE4J65ZWVny,R2-D2™ Bag Tag,,5.99,star-wars
1058,1639682160,jKFA94yiY4mgeiwxsH3BGU,Landspeeder™ Bag Charm,5,,star-wars
1059,1639682161,E9d4ADXtT4eEemr5tfyRLm,The Upside Down,4.1,199.99,stranger-things
1060,1639682206,fsABQBnceFy7AuoNFEYrtY,4x4 Mercedes-Benz Zetros Trial Truck,4,299.99,technic
1061,1639682206,eBdGAYbubggYiNQxDGpDHA,Ferrari 488 GTE “AF Corse #51”,4.5,169.99,technic
1062,1639682206,W3VHmZAGsPkuaRVoD2MYMb,Technic™ Hub,2.3,89.99,technic
1063,1639682206,MUqtxHGbBiqnoKdBhwNAoc,Technic™ Large Motor,3,39.99,technic
1064,1639682206,n3omPCjL4DV9iPAYBozgf6,Technic™ XL Motor,5,39.99,technic
1065,1639682206,f2FRmEVpidLF5FmREXcJnZ,BMW M 1000 RR,,229.99,technic
1066,1639682206,6THDiPpPyGxeKweJ3JCwXD,Ford Mustang Shelby® GT500®,,49.99,technic
1067,1639682206,f87Pa2YtYM5jqfshfYBG2Z,Formula E® Porsche 99X Electric,,49.99,technic
1068,1639682206,XWFPQtTxRvjmYZrhJMNDwr,Monster Jam™ El Toro Loco™,,19.99,technic
1069,1639682206,CcGiSJ4GLLE5WXbv7YqVUc,Monster Jam™ Megalodon™,,19.99,technic
1070,1639682206,F3gHdUP67hkmdrbbCWL8EQ,Motorcycle,,12.99,technic
1071,1639682206,fuo77PK6HRa7CCH4uSkLyG,THE BATMAN - BATMOBILE™,3.3,99.99,technic
1072,1639682206,fwzisH8LDdMhryUkydo5Ku,Lamborghini Sián FKP 37,3.9,379.99,technic
1073,1639682206,YrLff84EYf7ypNtRDYv4gx,App-Controlled Cat® D11 Bulldozer,4.5,449.99,technic
1074,1639682206,CJKfAnPEyxkJqoNYzjsSNH,6x6 Volvo Articulated Hauler,3.7,249.99,technic
1075,1639682206,LfWc2CkZ4UqdnUn9mUaJTA,Land Rover Defender,4.4,199.99,technic
1076,1639682206,HBoTXC44EN7VeyuDQP7msi,Heavy-duty Tow Truck,4.9,149.99,technic
1077,1639682206,gQXjNefQ2WsMhpc3kfb7U8,Porsche 911 RSR,4.5,149.99,technic
1078,1639682206,Ck3fivxisTPEfybvgmH6cX,Off-Road Buggy,3.9,129.99,technic
1079,1639682206,o6pHkjETBuGm8wUM7B3bFL,Dom's Dodge Charger,4.4,99.99,technic
1080,1639682206,7E4gztk29qnWoLoHB2ruQz,Ford® F-150 Raptor,4.9,99.99,technic
1081,1639682206,mQsA4GXwxfHW5X6Tj9tdr9,Ducati Panigale V4 R,4.5,69.99,technic
1082,1639682206,VFwvLMQBwBDWouRAq8dcNQ,Jeep® Wrangler,4.7,49.99,technic
1083,1639682206,kDA6AkXPYg8KifUJwkqzE7,McLaren Senna GTR™,4.8,49.99,technic
1084,1639682206,UaEnd8QJQFSPL3Z4z7mc7h,Heavy-Duty Excavator,4.5,39.99,technic
1085,1639682206,aHFdNek2GPYNwEV8WTehrs,Rescue Hovercraft,4.7,29.99,technic
1086,1639682206,n5FJtUsi3Q4iiCiKWonsFo,Monster Jam®  Grave Digger®,4.7,19.99,technic
1087,1639682206,Ppd6G7dkoTBxeLfqaAJaJK,Monster Jam® Max-D®,4.8,19.99,technic
1088,1639682206,dhgsPpWPRPurDTSmn4gZoW,Race Plane,5,9.99,technic
1089,1639682206,gbQaSYxGnE4tHMCLmzW32m,Skid Steer Loader,4.4,9.99,technic
1090,1639682206,KcEahrKcjLzf4bfNdcpfz9,Bugatti Chiron,4.7,349.99,technic
1091,1639682206,YVXD3MvEdyV8fijYcFSBtR,Liebherr R 9800 Excavator,4.4,449.99,technic
1092,1639682206,JZhcAdXnhTUxTKTzxZbd2g,4X4 X-treme Off-Roader,4,249.99,technic
1093,1639682206,X8FpDNVmUhA4LKpVf9e5GQ,App-Controlled Top Gear Rally Car,3.4,129.99,technic
1094,1639682206,4bZ9FFpFBEWxS7ZRPpmDLr,Concrete Mixer Truck,4.6,119.99,technic
1095,1639682206,dr8eYWEVcYnQ28vakUNeG3,Mobile Crane,4.7,99.99,technic
1096,1639682206,9uxWWTZC7kdyaswDv5myX6,Remote-Controlled Stunt Racer,4.1,99.99,technic
1097,1639682207,JHpM9AyGCSS9ewb39aBWso,Catamaran,3.4,49.99,technic
1098,1639682207,dxoHAHCHU38XrjVCa9ZFTv,Stunt Show Truck & Bike,4.5,49.99,technic
1099,1639682207,6ioRuRDvgH2bCEkh6aZhGP,Rescue Helicopter,4.6,39.99,technic
1100,1639682207,N3ubPP6WTAiAzuxB8kTpjS,Dragster,5,19.99,technic
1101,1639682207,PSK7HSdd9yt9j72iNyyeqU,Getaway Truck,4.5,19.99,technic
1102,1639682207,FWj46QxtKBjsEnJdt8oPvw,Mini CLAAS XERION,4.9,12.99,technic
1103,1639682209,cSpSuLZDFTxTmWnefveyn2,Branch Key Chain,,5.99,trolls
1104,1639682209,Vs3HfcytaTHWWbhfmt28ii,Vibe City Concert,5,,trolls
1105,1639682209,ch7efMHYS5FGQMLbu2oRBG,Pop Village Celebration,4.3,,trolls
1106,1639682209,5EFa7mM3zjJTxCv5Z93C7f,Volcano Rock City Concert,4.2,,trolls
1107,1639682209,diHZCqZVi2ipX8KEJ9cuYh,Poppy's Hot Air Balloon Adventure,4.7,,trolls
1108,1639682209,XrYihrtT7mSYUDPsmNmZXg,Poppy's Pod,4.2,19.99,trolls
1109,1639682213,RmKGwEWxLJBZ2GDXsZZUXp,The Boombox,5,99.99,vidiyo
1110,1639682213,9EEkaoTp59SUGBRGgxT6RW,Punk Pirate Ship,4.9,59.99,vidiyo
1111,1639682213,J4hMw8v3Pp3qQWcFUFUwwe,K-Pawp Concert,4.9,49.99,vidiyo
1112,1639682213,5BsnEo6kSWrswZx2we5Aci,Candy Castle Stage,4.6,29.99,vidiyo
1113,1639682213,CY4UWChDjfrzMrYk45yce8,Robo HipHop Car,4.8,29.99,vidiyo
1114,1639682213,cmjYJ3Pczz4ezxhgeZhmZs,Alien DJ BeatBox,4.1,19.99,vidiyo
1115,1639682213,ZfgMAexNakSj5n9eMprLMR,Candy Mermaid BeatBox,4.3,19.99,vidiyo
1116,1639682213,WZpHQZj8Fr8iWgQqq7AFCm,Folk Fairy BeatBox,4.2,19.99,vidiyo
1117,1639682213,2MNmqPgTCziM6iF9kXoqXP,HipHop Robot BeatBox,4.2,19.99,vidiyo
1118,1639682213,FWVNsn8dNHeRBKWcdV3sPK,Metal Dragon BeatBox,4.8,19.99,vidiyo
1119,1639682213,4oMg3vAZBqUpF4VmrLV57W,Party Llama BeatBox,4.2,19.99,vidiyo
1120,1639682213,Mm2zjpWjHjUPxxLqJMCL3d,Punk Pirate BeatBox,4.5,19.99,vidiyo
1121,1639682213,At4vts5a3yfEyomaQ5NhPD,Unicorn DJ BeatBox,4.4,19.99,vidiyo
1122,1639682213,eNq45CTs8B5pT5GJPTQ4aN,Bandmates,2.8,,vidiyo
1123,1639682213,nHkDdoVVWopPghGs3BdksN,Bandmates,3.7,4.99,vidiyo
1124,1639682215,XgMRJwqgRgFH8Xmtorsz8s,xtra Chinatown,5,3.99,xtra
1125,1639682215,mQi9pZkbQkMC4oHPhyRAz3,xtra Food,4.9,3.99,xtra
1126,1639682215,nxg2fvabuMjajFvTKkKbby,Bicycles,5,3.99,xtra
1127,1639682215,M37jGNPFCK4dyJcisWbwAx,Traffic Lights,5,3.99,xtra
1128,1639682215,6YHnCp3zjgRnPUiXPUvywe,Botanical Accessories,5,3.99,xtra
1129,1639682215,6aJek3fPiMWiNWVVmMzjjj,Sports Accessories,3.3,3.99,xtra
1130,1639682215,bGGbfNXV3BLi5WaYrpZ4RX,Streetlamps,4.7,3.99,xtra